id,monthly_income,savings_rate_pct,discretionary_spend_ratio,investment_allocation_pct,debt_to_income_ratio,emergency_fund_months,net_worth_growth_rate,financial_stress_index
1,4170.0,53.3,0.56,21.0,0.36,3.0,17.1,48.1
2,6660.0,39.6,0.22,43.7,0.04,2.7,33.5,20.9
3,3840.0,21.3,0.43,18.2,0.11,5.4,13.7,26.7
4,6020.0,46.2,0.45,29.9,0.49,5.0,17.3,48.1
5,2990.0,5.3,0.34,24.1,0.19,0.8,5.0,56.1
6,4960.0,33.2,0.19,1.6,0.1,1.3,17.6,33.6
7,4970.0,37.6,0.35,22.4,0.48,4.1,13.1,51.7
8,3190.0,39.2,0.12,3.8,0.02,4.5,28.4,5.0
9,5680.0,40.3,0.49,36.4,0.44,2.1,14.5,61.7
10,8080.0,41.9,0.55,20.1,0.49,2.1,13.1,63.7
11,4850.0,32.4,0.45,15.8,0.03,3.7,16.7,26.0
12,4500.0,51.9,0.24,9.2,0.06,11.8,35.5,5.0
13,7360.0,49.4,0.13,28.5,0.47,5.8,29.9,23.1
14,3830.0,16.9,0.25,29.7,0.3,6.7,12.9,34.2
15,4560.0,49.7,0.31,2.4,0.12,1.3,23.0,30.8
16,5930.0,22.1,0.3,20.1,0.37,8.3,13.1,24.5
17,4020.0,11.4,0.38,14.3,0.37,8.9,4.1,31.6
18,7120.0,27.7,0.26,1.8,0.03,11.9,21.5,5.0
19,4490.0,40.5,0.58,34.8,0.26,11.8,22.5,7.9
20,4910.0,25.6,0.34,12.3,0.34,2.1,7.9,47.8
21,7760.0,18.3,0.43,31.1,0.54,9.7,10.8,36.9
22,7670.0,12.3,0.46,18.8,0.15,3.2,5.7,48.9
23,6280.0,14.6,0.2,32.8,0.32,8.1,17.4,25.3
24,4050.0,6.9,0.21,23.2,0.39,11.1,10.4,17.9
25,1800.0,21.6,0.57,40.7,0.32,6.0,8.9,45.4
26,5830.0,7.0,0.41,32.1,0.55,7.4,5.2,53.7
27,5620.0,19.4,0.37,44.4,0.16,3.2,17.1,38.4
28,3440.0,32.9,0.19,38.4,0.51,9.2,25.5,22.9
29,6700.0,49.9,0.35,9.0,0.08,2.4,23.1,18.6
30,6730.0,49.2,0.48,34.0,0.1,9.4,31.2,5.0
31,8920.0,11.4,0.4,29.8,0.35,8.3,10.1,30.6
32,7540.0,51.9,0.42,44.1,0.47,1.1,22.3,58.0
33,4280.0,47.7,0.14,42.6,0.02,1.2,33.9,18.8
34,5220.0,54.3,0.52,41.3,0.1,8.4,34.0,5.0
35,4610.0,41.4,0.45,12.8,0.22,9.2,25.2,7.6
36,4990.0,51.0,0.32,38.7,0.03,6.6,35.6,5.0
37,4710.0,36.3,0.42,6.1,0.52,3.3,5.7,60.6
38,6670.0,8.2,0.17,34.3,0.05,6.7,20.1,10.1
39,6540.0,13.2,0.16,35.3,0.48,10.3,13.4,22.7
40,3100.0,52.9,0.48,34.3,0.5,1.1,18.6,59.8
41,6580.0,40.8,0.37,25.3,0.16,7.0,24.6,18.2
42,1800.0,32.6,0.47,3.9,0.08,6.9,14.9,14.2
43,6470.0,20.3,0.19,7.1,0.23,9.6,17.6,9.5
44,8070.0,8.7,0.24,30.1,0.0,4.2,15.8,23.7
45,6000.0,41.0,0.56,11.1,0.47,4.2,8.0,55.5
46,2850.0,22.5,0.55,31.3,0.18,7.1,12.8,30.6
47,9740.0,12.9,0.56,32.1,0.01,1.7,5.7,40.5
48,6680.0,48.7,0.24,20.0,0.51,2.9,21.8,49.4
49,3660.0,48.8,0.13,7.9,0.07,7.4,28.2,5.0
50,7470.0,35.8,0.42,30.9,0.11,10.8,28.6,5.0
51,5420.0,7.7,0.3,32.3,0.11,10.5,15.7,6.8
52,3030.0,29.2,0.19,36.4,0.09,6.2,27.2,5.8
53,5530.0,21.0,0.32,19.7,0.39,0.9,10.1,60.8
54,3610.0,45.0,0.3,25.7,0.53,1.2,17.4,58.0
55,4760.0,15.9,0.52,9.1,0.53,6.4,-0.1,56.8
56,8270.0,34.1,0.54,6.5,0.38,0.8,4.6,68.3
57,4630.0,33.5,0.48,18.7,0.28,9.5,18.1,19.0
58,11450.0,6.2,0.3,37.1,0.13,4.3,14.3,40.2
59,5730.0,31.9,0.19,0.8,0.12,8.6,20.2,5.0
60,4940.0,34.0,0.16,15.4,0.05,10.0,26.3,5.0
61,4250.0,33.8,0.24,24.6,0.42,1.4,16.8,54.3
62,5550.0,29.4,0.17,23.4,0.09,6.5,24.0,11.2
63,7020.0,28.2,0.55,38.8,0.18,11.8,17.2,6.6
64,4930.0,42.6,0.45,27.7,0.39,3.7,18.7,43.2
65,7100.0,41.7,0.15,1.5,0.09,8.1,30.7,5.0
66,1800.0,49.2,0.22,8.7,0.05,5.0,26.6,6.3
67,6270.0,45.2,0.53,34.4,0.28,5.2,19.1,31.6
68,4750.0,38.4,0.53,30.4,0.14,7.0,20.4,19.5
69,6750.0,52.0,0.46,2.5,0.5,8.8,18.2,27.8
70,5080.0,20.5,0.28,21.7,0.07,7.7,16.9,5.9
71,2900.0,10.7,0.52,39.1,0.47,9.3,7.2,42.7
72,6700.0,7.5,0.5,38.7,0.52,7.4,4.7,50.5
73,5690.0,48.8,0.59,32.2,0.34,5.1,20.3,41.2
74,4050.0,7.7,0.51,2.8,0.39,8.0,-1.2,45.3
75,4740.0,43.9,0.28,6.9,0.19,5.6,25.1,12.0
76,2500.0,21.0,0.19,28.2,0.23,9.0,19.8,7.1
77,5680.0,44.1,0.21,21.6,0.31,6.8,25.0,19.0
78,6490.0,19.0,0.25,19.0,0.23,2.9,9.8,35.1
79,6270.0,16.6,0.32,26.8,0.38,7.3,11.1,25.8
80,5490.0,53.1,0.51,11.3,0.42,0.9,16.3,58.3
81,6890.0,40.6,0.24,41.6,0.1,0.6,26.7,32.0
82,7810.0,31.9,0.51,30.8,0.43,11.3,17.9,22.4
83,4970.0,32.6,0.47,8.2,0.27,3.3,10.2,46.8
84,5350.0,18.3,0.45,43.6,0.04,6.1,16.0,21.8
85,7880.0,18.8,0.4,18.4,0.31,10.6,16.0,15.8
86,4090.0,52.6,0.2,43.2,0.37,3.3,35.2,32.6
87,1930.0,9.7,0.25,21.5,0.52,4.7,4.0,59.7
88,5080.0,40.9,0.5,6.0,0.51,7.3,11.3,42.5
89,5900.0,51.4,0.53,24.7,0.23,9.3,23.7,12.0
90,4990.0,31.0,0.18,2.0,0.03,4.8,16.8,6.9
91,5200.0,17.8,0.53,14.4,0.21,6.7,1.8,36.4
92,5160.0,7.9,0.3,25.5,0.38,2.3,3.5,61.6
93,3410.0,20.9,0.36,33.9,0.34,8.9,16.1,20.1
94,7540.0,10.8,0.15,4.3,0.26,4.2,7.1,36.3
95,5340.0,36.6,0.58,11.3,0.32,10.7,13.6,12.6
96,6730.0,6.7,0.39,35.0,0.27,10.0,15.0,21.3
97,2470.0,48.6,0.42,2.1,0.11,7.5,22.7,7.4
98,5900.0,53.6,0.36,44.5,0.46,9.5,30.8,18.3
99,6360.0,29.9,0.41,6.8,0.25,4.7,11.1,37.3
100,4150.0,46.9,0.43,42.1,0.15,3.6,26.1,27.9
101,1800.0,31.6,0.21,2.4,0.35,5.6,11.3,32.5
102,5300.0,44.9,0.42,15.1,0.53,11.8,21.1,18.1
103,3940.0,15.6,0.51,40.6,0.27,11.6,14.3,12.7
104,4040.0,30.7,0.5,40.6,0.28,6.0,18.7,30.7
105,4620.0,11.4,0.29,2.0,0.19,4.7,4.1,35.2
106,5910.0,36.9,0.55,9.9,0.4,5.3,13.1,46.8
107,6780.0,5.9,0.26,15.9,0.21,6.5,9.1,31.9
108,4690.0,27.5,0.52,20.5,0.38,5.6,8.6,45.1
109,6500.0,42.0,0.29,1.9,0.34,1.7,16.1,42.5
110,7330.0,45.0,0.51,4.7,0.4,0.8,11.6,61.4
111,5710.0,46.0,0.49,41.9,0.04,1.4,22.3,32.4
112,4330.0,45.1,0.32,33.9,0.06,6.8,30.9,5.0
113,5760.0,47.4,0.5,22.9,0.01,8.8,29.1,5.0
114,2600.0,53.7,0.42,36.7,0.14,3.8,36.5,21.8
115,7160.0,39.3,0.41,17.5,0.19,11.1,25.3,5.0
116,5800.0,42.4,0.13,17.3,0.31,8.3,27.2,11.1
117,3350.0,28.6,0.57,20.3,0.5,5.1,2.6,58.1
118,3720.0,36.4,0.48,2.8,0.43,1.5,5.3,61.6
119,5300.0,18.1,0.41,15.7,0.45,4.9,5.6,54.0
120,3660.0,31.5,0.4,15.8,0.43,7.7,10.4,32.6
121,5410.0,48.8,0.45,20.9,0.55,11.3,23.1,20.8
122,4320.0,24.5,0.31,25.2,0.16,5.8,18.3,21.9
123,7090.0,5.8,0.29,11.2,0.42,2.6,0.1,57.0
124,4630.0,38.7,0.31,8.5,0.52,9.3,15.7,24.7
125,5420.0,46.6,0.52,13.7,0.39,9.9,22.5,23.0
126,3470.0,8.3,0.15,12.7,0.44,4.4,6.8,49.5
127,6170.0,40.3,0.36,24.4,0.28,11.6,27.4,5.0
128,4260.0,10.9,0.45,6.5,0.01,1.6,-0.5,44.0
129,2070.0,31.5,0.47,23.4,0.4,4.6,11.3,48.0
130,8390.0,44.3,0.5,30.4,0.44,7.1,17.9,32.8
131,4790.0,48.4,0.54,14.6,0.24,1.8,15.9,46.9
132,4910.0,26.6,0.13,38.7,0.38,9.4,22.8,12.1
133,5840.0,18.5,0.17,21.2,0.04,7.8,20.6,5.0
134,3430.0,46.4,0.15,1.8,0.24,6.5,24.2,7.8
135,7250.0,29.4,0.45,41.0,0.41,10.7,19.0,22.3
136,5990.0,6.2,0.41,32.7,0.11,7.4,11.7,26.6
137,8840.0,18.9,0.15,11.0,0.29,4.4,11.5,31.1
138,5920.0,50.6,0.29,18.3,0.18,6.9,29.8,10.4
139,1990.0,32.5,0.56,15.1,0.26,4.5,9.5,46.4
140,5250.0,40.0,0.58,2.3,0.47,9.4,10.5,32.0
141,4970.0,38.8,0.17,1.7,0.53,8.8,20.2,21.8
142,6630.0,13.3,0.26,43.2,0.05,11.3,25.0,5.0
143,5320.0,36.9,0.39,18.9,0.52,9.3,13.8,27.8
144,6480.0,19.0,0.18,12.4,0.47,3.1,7.3,54.2
145,6590.0,14.5,0.46,4.2,0.44,8.8,1.5,43.1
146,5970.0,15.8,0.17,33.8,0.51,4.7,11.5,52.9
147,6240.0,39.0,0.3,21.0,0.48,3.6,11.1,47.6
148,6020.0,54.2,0.5,10.7,0.43,11.4,21.9,14.2
149,4510.0,27.6,0.53,17.6,0.41,11.5,15.4,20.5
150,5310.0,49.1,0.58,18.3,0.48,11.9,23.3,17.5
151,3670.0,16.7,0.24,12.4,0.09,0.5,10.1,41.5
152,6020.0,42.7,0.32,44.2,0.38,3.3,23.5,39.3
153,7990.0,18.6,0.2,19.0,0.18,3.1,13.1,34.8
154,3730.0,30.9,0.29,28.6,0.1,4.7,21.7,23.3
155,1990.0,38.2,0.12,33.8,0.46,11.1,27.8,7.2
156,7560.0,14.2,0.42,32.8,0.48,6.5,5.7,49.7
157,6760.0,14.1,0.45,10.7,0.21,0.6,2.0,57.6
158,8450.0,10.8,0.36,33.3,0.52,7.9,10.4,47.2
159,7260.0,44.5,0.46,33.8,0.24,1.2,17.3,47.6
160,7180.0,30.2,0.6,16.4,0.24,9.2,11.9,24.7
161,6130.0,12.3,0.41,20.2,0.11,3.5,9.4,36.6
162,4360.0,53.8,0.58,17.6,0.38,3.4,18.0,51.8
163,6430.0,20.3,0.42,6.8,0.11,6.1,9.1,22.1
164,5750.0,29.6,0.25,18.2,0.43,7.3,14.1,31.4
165,9840.0,48.8,0.48,19.4,0.29,2.0,16.7,47.5
166,4870.0,8.6,0.42,4.8,0.41,4.0,-3.4,55.9
167,6640.0,38.3,0.12,6.0,0.21,7.3,25.5,5.0
168,6210.0,38.3,0.24,13.4,0.26,11.2,24.5,5.0
169,5470.0,53.8,0.43,24.0,0.13,4.4,29.2,25.0
170,1800.0,23.5,0.43,31.3,0.4,3.8,10.1,56.1
171,3920.0,6.8,0.56,16.0,0.27,3.8,-2.1,59.9
172,4310.0,48.0,0.23,34.3,0.24,3.3,28.5,26.0
173,6160.0,45.3,0.33,6.4,0.43,1.4,13.2,54.7
174,4050.0,18.7,0.14,3.6,0.47,9.6,8.0,24.4
175,4840.0,25.1,0.29,23.4,0.27,8.8,20.2,16.1
176,3460.0,26.5,0.39,6.9,0.04,1.0,10.5,36.8
177,7540.0,38.6,0.33,6.1,0.5,3.2,12.4,56.2
178,7290.0,16.5,0.59,40.2,0.24,9.3,13.9,30.1
179,4680.0,41.0,0.57,24.5,0.43,4.9,14.1,47.0
180,7410.0,38.5,0.13,9.5,0.37,6.3,22.0,24.2
181,6030.0,5.2,0.15,25.0,0.53,11.6,10.3,22.5
182,4800.0,10.8,0.54,35.0,0.34,11.5,6.9,23.1
183,5180.0,50.1,0.34,2.5,0.44,2.0,14.7,49.9
184,8530.0,39.2,0.57,39.1,0.19,4.8,21.9,37.6
185,6360.0,45.2,0.6,29.1,0.27,8.3,19.5,20.2
186,4710.0,30.0,0.53,12.2,0.05,11.5,18.7,5.0
187,4030.0,32.7,0.52,32.3,0.45,0.7,13.3,73.9
188,6750.0,43.4,0.49,17.2,0.21,10.9,23.3,5.0
189,5040.0,43.7,0.26,6.4,0.33,6.7,19.7,19.3
190,4530.0,47.5,0.43,1.1,0.54,3.4,12.6,57.6
191,4410.0,15.7,0.3,38.6,0.1,2.9,15.6,37.0
192,5400.0,9.0,0.34,20.4,0.12,4.7,5.9,31.0
193,5990.0,49.6,0.32,6.9,0.18,3.3,21.3,25.9
194,5000.0,15.6,0.38,9.8,0.47,1.6,1.5,67.9
195,6550.0,7.7,0.51,17.3,0.31,9.1,1.6,34.3
196,6170.0,20.9,0.2,39.0,0.36,4.3,17.2,36.2
197,4030.0,42.2,0.5,36.6,0.01,5.2,28.9,13.0
198,6080.0,53.9,0.4,40.4,0.22,5.3,30.5,24.5
199,6390.0,6.0,0.28,0.3,0.16,2.9,-1.1,42.2
200,6170.0,14.7,0.57,2.4,0.44,10.1,-0.0,36.0
201,8950.0,45.2,0.57,14.0,0.44,5.6,9.5,48.5
202,5500.0,10.7,0.54,32.7,0.29,10.4,10.4,24.9
203,2450.0,7.3,0.23,43.2,0.25,11.2,17.6,5.0
204,4830.0,50.6,0.47,37.6,0.48,6.8,22.4,40.4
205,8140.0,35.2,0.27,33.3,0.07,2.2,22.4,26.3
206,3820.0,43.7,0.47,13.7,0.54,3.1,8.0,61.6
207,7140.0,33.1,0.56,41.1,0.1,3.3,19.1,35.4
208,6340.0,8.1,0.41,31.7,0.02,11.0,14.4,5.0
209,2290.0,44.8,0.31,24.8,0.49,7.5,24.2,30.6
210,5370.0,47.5,0.46,21.2,0.31,5.8,23.2,31.4
211,6420.0,28.8,0.32,28.6,0.45,5.6,15.3,39.3
212,4920.0,39.3,0.23,15.2,0.47,4.6,13.7,39.6
213,1800.0,28.8,0.27,22.0,0.24,7.3,17.7,22.5
214,3600.0,26.5,0.27,3.6,0.04,9.9,16.8,5.0
215,7520.0,47.8,0.34,9.2,0.41,5.3,18.3,36.8
216,8130.0,50.6,0.23,31.6,0.4,5.0,24.6,32.2
217,6560.0,31.6,0.23,36.7,0.53,5.2,18.9,38.7
218,6060.0,36.8,0.42,19.6,0.35,5.3,15.4,36.5
219,7210.0,52.3,0.36,34.5,0.21,11.7,33.7,5.0
220,6390.0,52.2,0.19,6.5,0.44,10.3,26.5,5.0
221,5360.0,50.5,0.18,19.3,0.02,11.6,40.9,5.0
222,6740.0,38.8,0.21,19.8,0.43,5.5,23.2,34.2
223,4650.0,5.7,0.38,27.3,0.17,9.7,11.5,14.3
224,3100.0,21.8,0.57,39.0,0.28,3.7,10.2,48.2
225,6670.0,9.6,0.41,18.2,0.48,8.4,6.0,46.1
226,2700.0,25.6,0.4,7.8,0.29,3.1,7.0,45.9
227,8180.0,19.5,0.16,3.4,0.4,11.3,15.5,7.9
228,7030.0,50.2,0.17,25.5,0.49,10.0,30.2,13.6
229,5050.0,20.2,0.57,33.2,0.01,7.2,17.7,15.3
230,3160.0,27.5,0.54,18.8,0.2,0.7,9.2,56.7
231,3400.0,49.3,0.17,17.2,0.21,10.7,31.8,5.0
232,4920.0,39.1,0.23,5.1,0.54,3.3,14.7,54.9
233,3970.0,44.1,0.48,42.1,0.51,10.5,25.7,25.5
234,7950.0,8.3,0.23,16.9,0.42,0.7,2.8,71.7
235,7900.0,12.8,0.54,24.7,0.44,2.6,-0.2,65.6
236,3320.0,19.8,0.48,40.1,0.07,11.6,20.6,5.0
237,6230.0,54.4,0.36,13.1,0.18,5.5,25.0,12.8
238,1800.0,23.0,0.24,14.3,0.45,2.8,7.8,54.6
239,4190.0,40.2,0.2,18.8,0.09,11.5,29.1,5.0
240,2330.0,50.0,0.13,36.4,0.17,1.0,32.0,21.7
241,8200.0,49.8,0.17,13.8,0.3,7.7,30.9,8.5
242,6790.0,5.1,0.47,11.6,0.17,9.5,3.8,21.7
243,6380.0,25.2,0.43,20.2,0.01,4.6,16.9,23.2
244,1800.0,31.0,0.53,2.2,0.12,8.5,12.7,12.1
245,6280.0,6.3,0.25,24.2,0.11,5.3,12.1,23.0
246,5310.0,6.6,0.23,31.0,0.36,7.5,11.2,34.4
247,6380.0,53.6,0.14,12.1,0.4,4.8,27.3,25.8
248,6470.0,23.6,0.49,28.8,0.51,9.9,10.9,36.2
249,6870.0,17.3,0.17,18.1,0.1,1.6,10.0,39.6
250,3540.0,10.7,0.26,26.3,0.16,6.6,13.1,21.7
251,6770.0,50.5,0.15,42.0,0.44,7.1,33.7,22.0
252,5240.0,18.2,0.32,5.5,0.35,4.2,4.6,48.4
253,6540.0,41.5,0.23,1.0,0.43,8.1,16.7,15.5
254,5130.0,24.1,0.39,35.4,0.31,9.8,16.9,21.9
255,1940.0,30.9,0.22,38.8,0.51,8.5,22.8,28.8
256,6640.0,9.3,0.38,18.1,0.03,6.6,9.5,22.1
257,3200.0,32.7,0.33,40.2,0.21,5.6,21.8,25.3
258,4770.0,17.8,0.42,8.3,0.52,10.2,4.0,31.4
259,4520.0,37.9,0.3,12.4,0.11,3.8,19.7,22.6
260,4920.0,33.0,0.26,19.7,0.36,11.5,21.1,5.5
261,3760.0,41.3,0.41,4.4,0.01,6.2,24.0,6.7
262,6560.0,45.3,0.45,30.5,0.22,10.0,26.3,9.5
263,8700.0,19.8,0.5,42.0,0.14,8.0,21.1,18.8
264,4860.0,43.1,0.34,41.7,0.39,7.5,24.7,22.6
265,7410.0,49.0,0.25,26.1,0.27,2.9,28.0,36.2
266,3450.0,41.9,0.28,40.9,0.14,5.2,29.7,14.7
267,6040.0,34.1,0.56,38.8,0.17,4.3,15.1,32.7
268,7580.0,26.1,0.47,3.0,0.31,0.5,0.9,66.6
269,6790.0,38.6,0.24,28.3,0.1,1.1,22.3,35.3
270,3350.0,27.6,0.28,44.3,0.19,2.6,20.2,36.9
271,5100.0,42.0,0.18,17.9,0.4,11.3,29.6,6.8
272,7670.0,11.5,0.48,15.3,0.28,10.4,7.0,22.7
273,3940.0,44.0,0.47,7.0,0.05,10.0,23.8,5.0
274,6460.0,42.4,0.35,22.7,0.13,4.3,21.1,17.8
275,7360.0,5.6,0.38,44.1,0.5,3.2,1.7,68.2
276,6370.0,42.0,0.18,17.8,0.21,7.8,22.3,5.0
277,8860.0,49.5,0.51,39.4,0.21,3.8,24.7,34.4
278,4490.0,22.7,0.18,14.0,0.54,1.2,5.5,61.9
279,4760.0,48.5,0.15,27.3,0.21,4.5,28.5,15.7
280,7700.0,53.1,0.5,23.4,0.24,2.9,21.5,39.6
281,3770.0,34.4,0.41,3.6,0.18,8.2,14.1,12.0
282,5380.0,13.9,0.37,36.0,0.45,5.2,9.5,50.1
283,2710.0,28.0,0.28,7.0,0.19,5.2,16.7,22.7
284,5410.0,36.4,0.3,40.9,0.39,10.2,24.8,13.4
285,7360.0,44.8,0.39,16.5,0.38,10.4,21.1,10.5
286,4780.0,41.3,0.43,35.8,0.05,3.7,26.2,24.5
287,4190.0,11.7,0.49,1.9,0.49,7.5,-0.8,50.4
288,4260.0,9.2,0.4,1.3,0.14,7.1,4.7,25.0
289,7540.0,29.1,0.47,20.0,0.11,8.3,14.0,13.5
290,6110.0,39.6,0.27,15.3,0.28,6.9,21.0,21.0
291,4530.0,15.6,0.56,23.7,0.29,0.5,0.0,69.3
292,4220.0,44.6,0.3,30.7,0.24,1.1,26.4,40.2
293,3150.0,5.3,0.4,0.2,0.04,7.8,5.5,18.6
294,7220.0,17.8,0.56,7.4,0.54,5.5,-3.3,58.2
295,6930.0,13.2,0.43,37.5,0.28,5.3,12.6,43.3
296,7790.0,40.2,0.28,36.1,0.46,6.4,22.4,31.2
297,7990.0,11.2,0.38,1.3,0.2,7.4,3.3,29.0
298,6320.0,30.3,0.53,7.0,0.17,10.3,12.2,14.4
299,2170.0,17.0,0.24,5.4,0.12,6.7,11.9,16.2
300,3390.0,53.0,0.18,19.1,0.2,8.6,30.4,5.0
301,5750.0,38.6,0.27,17.6,0.14,7.2,25.1,10.5
302,5450.0,39.1,0.18,6.8,0.01,7.3,26.7,5.0
303,7790.0,30.9,0.48,17.8,0.22,2.7,12.4,45.7
304,5040.0,31.4,0.12,8.5,0.47,6.5,18.0,32.5
305,2240.0,27.1,0.41,33.6,0.33,1.8,12.0,51.9
306,6750.0,18.0,0.42,13.0,0.43,8.6,4.4,35.9
307,6690.0,43.2,0.54,6.4,0.48,11.5,14.8,18.3
308,1800.0,50.2,0.25,20.5,0.5,8.9,27.1,19.4
309,7200.0,29.3,0.59,28.8,0.32,2.3,9.0,59.5
310,8570.0,19.5,0.59,37.7,0.2,6.1,9.4,36.2
311,1800.0,42.5,0.4,2.0,0.55,8.3,12.5,39.4
312,4380.0,42.8,0.47,8.6,0.3,8.9,19.9,19.7
313,5130.0,41.1,0.31,36.6,0.49,1.9,18.9,58.9
314,6110.0,44.7,0.47,41.0,0.08,10.5,31.8,5.0
315,5090.0,45.9,0.33,1.4,0.0,9.1,25.8,5.0
316,3910.0,23.6,0.37,18.1,0.37,1.7,8.3,55.3
317,7020.0,36.3,0.34,40.5,0.03,10.4,29.5,5.0
318,8040.0,22.7,0.32,20.7,0.15,0.7,12.8,49.5
319,3940.0,25.0,0.44,29.7,0.06,4.8,18.5,25.3
320,3450.0,20.0,0.16,2.1,0.36,0.5,5.0,54.4
321,5950.0,14.5,0.17,3.5,0.51,5.6,6.5,47.1
322,3320.0,46.7,0.33,14.6,0.21,11.9,28.9,5.0
323,5680.0,13.1,0.4,20.9,0.49,5.5,1.3,50.6
324,6270.0,41.1,0.21,4.7,0.14,1.2,18.5,30.4
325,7850.0,26.3,0.48,35.5,0.37,3.4,11.7,57.0
326,6100.0,29.7,0.57,35.8,0.07,3.6,15.7,39.1
327,6610.0,46.5,0.56,44.9,0.53,5.5,20.9,52.0
328,8800.0,9.1,0.43,20.3,0.43,11.4,5.0,28.8
329,4720.0,49.9,0.14,22.9,0.16,7.6,32.4,5.0
330,7340.0,16.5,0.4,17.2,0.18,5.8,10.8,31.8
331,5390.0,40.6,0.28,41.6,0.23,11.4,29.3,5.0
332,7600.0,54.3,0.52,14.4,0.12,4.9,24.3,22.0
333,5020.0,51.0,0.16,31.4,0.39,4.9,32.8,27.9
334,3930.0,45.8,0.55,0.3,0.31,6.0,11.6,32.2
335,6000.0,30.8,0.35,19.7,0.13,1.6,14.4,41.2
336,6290.0,44.6,0.16,36.2,0.35,8.6,34.0,12.6
337,7920.0,12.7,0.34,35.1,0.01,8.6,20.8,7.0
338,6410.0,12.2,0.36,0.7,0.01,1.9,2.1,38.9
339,5060.0,53.3,0.32,37.2,0.5,9.2,29.0,17.4
340,5150.0,37.4,0.22,33.6,0.45,8.9,22.6,22.0
341,5590.0,12.2,0.39,25.3,0.19,9.1,15.4,21.7
342,4340.0,28.5,0.48,41.2,0.01,7.9,27.6,5.4
343,5200.0,10.5,0.25,32.3,0.08,2.0,15.7,36.6
344,6080.0,11.0,0.42,0.9,0.48,2.5,-5.0,68.8
345,4840.0,27.6,0.52,38.2,0.5,3.1,9.8,66.3
346,3740.0,31.3,0.29,11.2,0.19,8.0,18.8,10.7
347,7330.0,14.3,0.55,28.5,0.45,1.2,0.4,77.6
348,5510.0,49.2,0.59,17.8,0.49,11.9,16.1,21.1
349,5750.0,16.0,0.27,43.3,0.18,5.0,15.7,27.1
350,5660.0,42.1,0.29,25.3,0.1,7.0,26.1,5.7
351,4610.0,11.3,0.52,9.9,0.39,9.3,-0.4,35.0
352,6350.0,44.0,0.46,14.9,0.39,9.2,18.7,20.3
353,3780.0,36.8,0.42,19.4,0.19,4.0,17.9,34.1
354,4650.0,13.2,0.45,12.8,0.25,5.5,4.9,41.0
355,6430.0,29.5,0.37,19.6,0.46,7.2,15.7,34.8
356,1800.0,31.7,0.19,1.3,0.34,3.7,15.6,34.0
357,7240.0,34.4,0.58,14.4,0.45,10.5,8.2,27.7
358,4320.0,15.5,0.19,1.3,0.18,8.5,12.6,6.5
359,6450.0,39.0,0.56,0.2,0.05,7.3,16.9,7.5
360,6120.0,51.8,0.23,41.1,0.24,4.9,32.4,18.8
361,2450.0,12.9,0.14,20.6,0.04,8.1,20.3,5.0
362,1800.0,29.2,0.22,12.2,0.4,4.0,14.8,44.1
363,5390.0,44.5,0.29,25.8,0.18,3.5,25.1,28.1
364,7560.0,6.1,0.44,5.8,0.18,9.2,2.2,24.0
365,1800.0,22.0,0.36,35.9,0.15,3.7,15.2,35.6
366,1800.0,5.8,0.5,27.8,0.34,1.5,-3.4,67.1
367,5840.0,7.1,0.39,43.0,0.18,3.3,10.9,45.1
368,6940.0,39.3,0.3,13.4,0.43,7.1,20.4,25.3
369,1800.0,33.7,0.43,30.3,0.23,0.8,16.2,51.6
370,5870.0,13.2,0.47,13.9,0.28,0.5,0.6,68.0
371,3210.0,54.6,0.42,40.1,0.12,0.9,29.7,33.0
372,5820.0,28.9,0.39,41.7,0.48,3.7,12.9,53.7
373,4300.0,18.1,0.14,36.6,0.44,3.1,13.9,50.6
374,4090.0,24.9,0.27,17.2,0.35,4.8,12.5,39.8
375,4430.0,51.7,0.27,23.2,0.06,3.6,32.8,13.8
376,3690.0,15.1,0.26,8.5,0.46,1.1,3.0,70.2
377,3360.0,52.1,0.44,20.4,0.07,10.9,27.7,5.0
378,6960.0,48.1,0.45,33.2,0.2,7.7,28.9,11.0
379,1800.0,19.5,0.41,42.4,0.37,9.7,13.9,25.2
380,7340.0,53.7,0.43,10.8,0.49,9.1,19.2,21.7
381,5880.0,14.0,0.18,36.7,0.3,9.8,21.2,13.2
382,7110.0,11.6,0.32,38.2,0.05,5.6,16.6,23.2
383,5830.0,46.2,0.36,2.3,0.42,7.8,15.2,26.3
384,3700.0,53.5,0.15,36.5,0.39,8.5,33.7,7.8
385,7530.0,34.0,0.31,27.9,0.32,7.2,20.2,24.3
386,5400.0,43.8,0.55,43.4,0.32,9.7,27.4,13.8
387,6430.0,18.6,0.3,9.6,0.41,6.9,6.0,35.0
388,5090.0,48.5,0.3,11.3,0.02,10.6,31.0,5.0
389,3780.0,45.8,0.48,12.5,0.01,8.4,28.7,5.0
390,4200.0,37.1,0.33,8.6,0.29,9.7,18.4,16.1
391,6720.0,50.2,0.39,34.0,0.4,0.6,20.3,53.3
392,5030.0,25.1,0.45,22.5,0.32,7.0,11.3,35.5
393,4410.0,54.2,0.31,15.6,0.35,7.0,24.1,21.6
394,4350.0,41.0,0.26,22.2,0.23,0.7,17.4,39.5
395,5030.0,23.6,0.2,28.6,0.54,6.8,14.2,42.7
396,5430.0,48.6,0.44,5.1,0.08,1.8,18.0,28.7
397,7180.0,52.3,0.48,21.3,0.05,5.0,27.1,15.8
398,2880.0,39.1,0.41,32.3,0.01,7.6,29.6,5.0
399,8210.0,37.0,0.52,5.1,0.42,7.2,8.6,37.6
400,9160.0,12.4,0.25,18.5,0.22,7.6,11.8,19.3
401,4860.0,6.9,0.19,32.3,0.29,6.2,11.1,29.5
402,8490.0,36.8,0.29,20.4,0.48,3.8,16.5,47.0
403,4560.0,24.7,0.47,7.7,0.5,3.2,3.7,61.5
404,6690.0,50.3,0.57,14.1,0.14,7.5,20.1,12.4
405,8220.0,50.7,0.25,0.8,0.08,7.1,26.9,5.4
406,5570.0,8.4,0.43,19.6,0.07,10.6,11.3,6.9
407,4500.0,38.4,0.46,7.2,0.01,10.4,23.2,5.0
408,8150.0,32.4,0.15,9.5,0.15,11.1,30.2,5.0
409,5560.0,33.2,0.16,5.3,0.09,9.9,23.7,5.0
410,6080.0,8.7,0.26,1.3,0.49,1.9,-5.0,67.9
411,4100.0,50.6,0.6,36.6,0.23,7.6,24.3,18.4
412,5160.0,49.6,0.17,21.6,0.35,9.8,31.2,5.6
413,5900.0,22.1,0.2,25.4,0.44,7.0,13.2,34.6
414,8600.0,48.1,0.35,31.9,0.3,6.6,23.9,20.0
415,4610.0,15.9,0.48,4.7,0.07,7.4,9.1,20.3
416,2910.0,22.0,0.35,2.6,0.39,6.6,7.7,36.2
417,5740.0,8.1,0.29,33.7,0.55,9.3,7.6,42.1
418,6720.0,15.7,0.29,33.9,0.44,4.2,6.5,52.4
419,3740.0,34.6,0.19,8.7,0.29,9.1,22.8,8.8
420,3400.0,27.7,0.58,43.1,0.25,0.7,11.3,62.3
421,2990.0,5.6,0.48,18.5,0.0,10.6,12.0,5.0
422,6950.0,14.8,0.17,26.3,0.25,8.1,21.4,18.4
423,4330.0,22.4,0.14,12.0,0.06,8.9,24.1,5.0
424,5800.0,29.8,0.37,43.0,0.3,10.7,25.0,5.7
425,5900.0,54.4,0.49,18.5,0.43,11.2,25.1,12.4
426,6690.0,21.8,0.25,0.0,0.06,2.9,10.4,27.2
427,6660.0,19.4,0.3,30.6,0.49,2.8,9.4,55.1
428,2590.0,9.7,0.26,35.6,0.49,2.7,8.1,64.6
429,5420.0,9.7,0.19,19.1,0.24,7.8,12.9,20.4
430,4620.0,38.8,0.54,18.4,0.5,1.2,7.6,71.0
431,5560.0,49.4,0.17,18.2,0.45,8.0,25.4,17.9
432,5610.0,40.4,0.32,24.2,0.46,10.3,21.7,16.8
433,5680.0,19.5,0.59,22.8,0.12,6.9,9.5,28.3
434,4480.0,53.1,0.14,17.1,0.08,11.6,38.3,5.0
435,4980.0,43.3,0.35,36.8,0.32,11.3,30.9,5.0
436,3120.0,37.6,0.52,32.5,0.35,3.2,12.6,53.5
437,5790.0,46.1,0.19,24.0,0.44,1.4,24.0,49.9
438,4470.0,26.5,0.23,20.6,0.32,11.9,21.6,5.0
439,4420.0,17.0,0.46,29.8,0.53,11.0,8.9,34.2
440,4880.0,47.8,0.18,2.5,0.38,3.0,22.9,30.8
441,4210.0,42.2,0.59,38.6,0.37,1.7,16.4,62.5
442,5260.0,40.6,0.39,19.2,0.28,5.0,18.8,27.2
443,5890.0,24.6,0.16,37.7,0.33,3.3,19.3,40.1
444,1800.0,32.1,0.46,41.6,0.32,8.9,22.5,21.0
445,3910.0,24.3,0.32,38.9,0.4,1.6,13.4,56.4
446,4330.0,16.2,0.38,17.0,0.1,7.4,11.9,18.6
447,4010.0,33.5,0.48,25.4,0.02,7.7,21.2,6.6
448,3820.0,39.7,0.39,43.6,0.11,4.3,25.2,26.1
449,7090.0,47.7,0.15,25.6,0.09,7.1,35.4,5.0
450,5990.0,31.9,0.46,4.8,0.49,1.3,3.0,68.5
451,4090.0,8.5,0.24,24.2,0.19,5.6,11.5,29.6
452,7200.0,16.1,0.13,11.2,0.08,0.8,11.4,36.8
453,4050.0,10.5,0.49,41.1,0.4,7.0,9.9,45.6
454,6440.0,10.1,0.33,32.4,0.32,10.0,14.1,21.2
455,4760.0,14.2,0.47,35.4,0.47,2.3,2.8,71.7
456,3840.0,15.6,0.28,30.3,0.2,8.0,15.0,16.4
457,6820.0,43.6,0.29,28.4,0.26,10.7,27.5,5.0
458,1800.0,40.9,0.33,21.7,0.25,3.4,18.1,34.0
459,2810.0,40.3,0.58,23.9,0.36,5.3,15.5,44.6
460,2220.0,32.5,0.53,2.9,0.31,6.1,11.5,37.5
461,2620.0,43.5,0.58,13.4,0.04,4.7,20.4,19.8
462,8730.0,7.7,0.4,20.1,0.41,10.8,9.0,28.9
463,4410.0,44.6,0.32,16.9,0.02,0.9,22.7,23.5
464,5120.0,44.2,0.54,8.9,0.32,5.5,13.7,34.3
465,6060.0,24.9,0.53,32.5,0.2,11.8,17.8,5.0
466,8980.0,30.6,0.53,29.9,0.08,9.9,19.9,6.4
467,6200.0,51.3,0.56,27.5,0.53,6.0,20.1,49.5
468,5770.0,46.6,0.45,25.3,0.51,8.5,17.6,32.6
469,5910.0,40.5,0.45,33.8,0.34,7.5,23.0,26.8
470,4470.0,50.5,0.31,41.4,0.35,5.8,28.6,26.8
471,4670.0,6.4,0.3,31.1,0.23,4.2,9.1,46.6
472,5360.0,22.9,0.39,22.4,0.27,7.2,12.4,26.4
473,7810.0,8.7,0.33,2.2,0.29,2.8,-5.0,52.4
474,5420.0,26.2,0.43,29.4,0.5,6.2,12.2,44.1
475,4270.0,49.1,0.4,3.8,0.52,7.1,17.1,36.2
476,8580.0,37.1,0.37,37.5,0.08,10.2,27.1,5.0
477,7010.0,44.1,0.4,32.9,0.29,5.8,23.6,29.3
478,3430.0,43.7,0.35,17.4,0.45,9.3,20.5,19.3
479,2110.0,21.7,0.2,13.7,0.08,6.2,18.4,14.9
480,5820.0,10.7,0.32,15.0,0.46,6.3,3.8,46.8
481,6060.0,52.5,0.19,15.4,0.47,0.9,20.2,48.2
482,7020.0,37.5,0.56,44.5,0.41,4.3,18.4,58.2
483,4090.0,7.8,0.18,35.7,0.2,3.5,14.5,39.0
484,3060.0,15.0,0.37,33.4,0.2,10.7,14.8,7.7
485,6750.0,45.3,0.31,0.9,0.28,5.2,18.2,18.2
486,4590.0,40.6,0.19,26.6,0.33,5.7,27.9,26.3
487,7390.0,36.3,0.5,13.0,0.08,1.8,13.7,35.0
488,7520.0,15.5,0.51,19.4,0.44,3.4,1.9,66.4
489,3540.0,17.6,0.18,21.1,0.25,10.5,20.4,5.0
490,2850.0,28.8,0.43,1.4,0.16,10.2,13.9,8.2
491,2480.0,22.7,0.39,8.3,0.45,7.5,4.5,38.0
492,7120.0,17.6,0.51,21.9,0.19,11.2,12.9,9.8
493,5460.0,10.5,0.21,13.9,0.47,0.8,5.0,68.4
494,4870.0,9.1,0.47,17.7,0.3,3.2,1.1,57.5
495,4160.0,38.3,0.23,44.3,0.32,5.2,23.8,31.0
496,5060.0,45.4,0.22,29.5,0.5,9.7,25.9,17.8
497,7330.0,36.7,0.22,12.2,0.5,3.6,16.9,49.0
498,2420.0,25.5,0.58,44.7,0.54,11.4,13.4,35.8
499,4400.0,28.2,0.57,11.2,0.05,8.3,14.5,13.8
500,7040.0,17.2,0.27,34.4,0.18,5.1,17.7,27.0
501,2940.0,35.0,0.2,42.4,0.52,2.2,22.4,52.2
502,4460.0,29.3,0.41,18.0,0.5,1.7,8.0,68.0
503,7240.0,38.0,0.12,16.2,0.21,8.0,27.0,8.3
504,5310.0,44.0,0.31,25.8,0.47,9.2,25.4,23.4
505,8360.0,9.2,0.35,8.5,0.55,4.7,-0.1,68.1
506,5500.0,17.9,0.16,15.0,0.01,7.5,15.8,5.0
507,5500.0,47.2,0.45,40.1,0.0,3.1,27.0,21.9
508,4180.0,15.0,0.28,36.1,0.19,3.3,13.3,34.8
509,5220.0,9.3,0.12,42.3,0.36,9.4,16.4,14.7
510,3480.0,20.4,0.14,18.7,0.43,1.1,7.2,57.3
511,5280.0,47.7,0.13,26.0,0.27,8.6,30.5,5.0
512,5960.0,37.3,0.37,26.2,0.23,3.0,19.2,33.6
513,3610.0,6.9,0.36,14.7,0.29,6.1,5.1,43.0
514,8010.0,33.9,0.2,8.1,0.27,11.8,23.2,5.0
515,3750.0,18.5,0.23,25.3,0.2,10.0,20.9,5.0
516,4170.0,28.7,0.31,31.1,0.42,4.0,14.9,45.1
517,6910.0,37.5,0.38,43.6,0.4,10.9,28.2,15.7
518,5840.0,31.6,0.22,3.9,0.37,3.6,10.7,44.5
519,7430.0,36.1,0.13,23.1,0.16,6.0,24.9,7.4
520,8920.0,40.7,0.38,44.0,0.08,11.7,33.6,5.0
521,5280.0,48.9,0.29,24.9,0.52,3.7,21.3,51.6
522,9000.0,5.8,0.57,35.3,0.49,8.4,2.8,49.9
523,5600.0,17.1,0.22,1.9,0.31,5.5,6.0,32.6
524,4840.0,31.5,0.26,38.4,0.27,1.5,20.8,45.1
525,7190.0,32.9,0.45,29.3,0.12,9.0,21.4,5.0
526,6840.0,46.1,0.29,44.8,0.48,2.1,25.8,46.6
527,3240.0,27.7,0.19,16.4,0.43,3.4,12.3,45.7
528,6830.0,33.0,0.38,10.3,0.23,11.4,21.4,5.0
529,8620.0,19.6,0.45,30.4,0.05,4.5,15.9,31.5
530,4780.0,49.0,0.34,7.2,0.54,1.8,15.9,57.7
531,5820.0,28.2,0.3,32.9,0.18,2.4,19.2,39.3
532,7690.0,20.6,0.58,15.4,0.49,9.4,2.6,46.0
533,6080.0,11.7,0.38,39.0,0.32,8.6,13.6,30.7
534,7470.0,35.9,0.4,20.3,0.52,11.3,15.0,21.6
535,8110.0,52.5,0.51,1.6,0.23,6.5,21.4,18.2
536,4460.0,41.9,0.5,4.6,0.07,10.6,21.8,5.0
537,7470.0,20.7,0.35,40.2,0.39,7.1,14.2,35.0
538,7550.0,28.9,0.13,42.7,0.02,2.1,26.4,17.7
539,7170.0,52.1,0.43,7.2,0.03,7.9,30.9,5.0
540,3300.0,24.9,0.29,3.6,0.25,4.3,10.3,33.6
541,6010.0,23.5,0.56,4.1,0.16,9.5,8.6,16.4
542,4480.0,41.3,0.13,38.1,0.27,1.1,27.6,36.3
543,4250.0,39.4,0.33,22.4,0.25,1.9,16.9,39.7
544,5310.0,48.2,0.15,5.2,0.25,10.1,28.0,5.0
545,4320.0,10.1,0.57,23.6,0.34,7.0,-1.5,43.1
546,2970.0,37.3,0.52,24.4,0.42,1.4,12.3,62.5
547,4410.0,51.4,0.59,12.2,0.27,2.3,14.4,48.1
548,2720.0,36.5,0.34,30.0,0.46,2.7,21.3,51.8
549,4040.0,45.8,0.42,4.8,0.11,10.7,26.2,5.0
550,3460.0,37.8,0.51,3.4,0.07,10.7,20.1,5.0
551,4340.0,17.1,0.43,29.4,0.4,7.9,11.0,41.4
552,4080.0,38.4,0.27,29.1,0.43,9.7,21.3,16.9
553,6360.0,29.1,0.52,22.6,0.19,0.6,13.3,56.2
554,6740.0,9.3,0.54,7.6,0.48,2.9,-5.0,72.3
555,4610.0,13.4,0.19,22.5,0.14,2.1,11.8,41.0
556,1800.0,32.9,0.15,27.8,0.5,3.9,17.6,44.8
557,5310.0,13.5,0.24,17.3,0.54,1.1,3.4,71.3
558,3280.0,33.3,0.51,9.4,0.49,2.8,7.0,65.3
559,5130.0,37.4,0.57,13.3,0.03,3.7,14.5,28.3
560,6980.0,43.6,0.31,4.2,0.04,10.0,27.8,5.0
561,8460.0,20.3,0.2,1.1,0.05,11.4,19.4,5.0
562,5220.0,20.2,0.14,36.2,0.5,4.8,16.6,47.4
563,5310.0,15.8,0.46,42.6,0.31,5.3,11.4,47.4
564,3770.0,47.7,0.25,38.8,0.47,3.1,28.7,45.1
565,5520.0,37.6,0.19,8.9,0.38,12.0,23.1,5.0
566,3310.0,42.5,0.35,32.5,0.33,6.5,24.4,26.8
567,4170.0,31.8,0.12,39.8,0.49,8.5,25.8,24.0
568,4860.0,39.6,0.13,39.0,0.38,9.7,30.3,6.9
569,5120.0,43.8,0.21,33.5,0.07,11.5,39.1,5.0
570,1800.0,52.6,0.48,7.2,0.3,7.4,23.1,20.1
571,5640.0,43.0,0.16,44.0,0.28,4.7,29.6,24.2
572,5410.0,8.4,0.14,30.9,0.1,1.0,10.7,38.4
573,7560.0,18.6,0.48,5.4,0.26,2.1,0.9,55.6
574,8270.0,19.8,0.21,24.2,0.13,10.7,23.4,5.0
575,4510.0,48.3,0.39,16.1,0.19,9.1,25.5,5.7
576,1800.0,36.5,0.35,36.7,0.45,3.2,16.9,48.7
577,2450.0,15.5,0.58,16.1,0.43,3.1,-2.1,70.5
578,3530.0,23.1,0.52,37.0,0.02,8.8,17.3,6.9
579,3760.0,30.1,0.58,27.7,0.01,5.0,17.7,24.0
580,6930.0,9.2,0.16,21.9,0.51,7.0,9.0,45.4
581,4350.0,35.8,0.47,10.2,0.22,7.1,13.8,23.6
582,4690.0,40.1,0.39,27.2,0.33,11.8,27.6,5.0
583,7430.0,45.3,0.35,24.3,0.15,6.8,29.7,9.3
584,3670.0,23.1,0.25,37.0,0.48,3.6,13.8,53.1
585,3790.0,33.4,0.15,3.4,0.46,8.0,18.3,22.2
586,5990.0,15.4,0.54,33.8,0.46,2.8,1.1,68.4
587,4360.0,49.5,0.34,40.6,0.4,2.7,25.2,47.8
588,5160.0,34.4,0.34,8.6,0.52,3.7,10.5,56.0
589,4140.0,6.8,0.2,17.1,0.21,9.3,10.5,17.2
590,4510.0,35.1,0.42,27.9,0.24,6.7,17.7,28.8
591,6820.0,39.3,0.34,3.2,0.49,7.6,13.1,33.9
592,4730.0,31.1,0.28,44.2,0.17,3.3,23.4,30.2
593,7630.0,7.4,0.18,23.7,0.02,7.0,15.5,9.4
594,6710.0,9.6,0.2,31.3,0.35,2.6,8.5,56.0
595,7190.0,44.8,0.35,16.4,0.41,2.8,16.4,48.1
596,7690.0,13.5,0.42,32.9,0.46,3.8,8.1,58.9
597,5700.0,35.3,0.34,27.3,0.46,4.4,15.3,50.7
598,3170.0,16.5,0.16,27.9,0.31,0.9,10.4,54.9
599,6890.0,29.9,0.14,2.7,0.29,8.3,16.7,15.3
600,7180.0,10.7,0.34,30.1,0.12,11.0,17.3,5.0
601,4530.0,36.2,0.13,42.3,0.08,9.6,34.0,5.0
602,2190.0,34.4,0.3,27.2,0.3,9.5,20.7,16.6
603,7060.0,35.5,0.54,14.8,0.16,1.6,13.2,48.8
604,6380.0,17.8,0.49,29.8,0.43,4.6,7.8,54.4
605,6710.0,6.4,0.4,21.7,0.42,3.0,1.4,60.4
606,2090.0,29.0,0.5,25.0,0.55,0.7,4.4,75.5
607,5800.0,53.3,0.24,31.2,0.28,11.0,36.3,5.0
608,6460.0,42.1,0.6,39.7,0.38,5.0,15.2,50.6
609,3680.0,15.0,0.55,31.2,0.18,2.5,7.9,53.2
610,3360.0,23.8,0.58,3.8,0.3,2.9,2.5,56.9
611,4360.0,42.0,0.18,24.5,0.31,2.7,25.3,33.0
612,7370.0,43.0,0.16,35.3,0.36,9.5,32.9,8.9
613,5530.0,15.9,0.28,33.1,0.06,7.4,20.7,13.6
614,3040.0,24.4,0.4,15.0,0.38,3.4,9.4,54.2
615,5940.0,11.9,0.53,40.0,0.54,1.8,1.1,85.2
616,6040.0,29.9,0.55,43.6,0.55,10.6,15.0,30.8
617,5850.0,50.3,0.39,9.6,0.45,5.1,15.9,38.9
618,4250.0,12.5,0.54,28.6,0.49,10.6,6.2,41.9
619,7200.0,47.6,0.45,41.9,0.52,8.5,23.0,32.0
620,5350.0,29.7,0.15,34.4,0.12,10.2,31.4,5.0
621,3520.0,26.6,0.38,4.4,0.05,11.1,18.2,5.0
622,6640.0,26.5,0.47,41.0,0.05,9.0,24.8,5.8
623,7980.0,16.3,0.16,35.7,0.47,8.0,15.7,32.9
624,6190.0,29.6,0.55,26.7,0.31,10.3,16.6,23.1
625,5490.0,40.6,0.17,15.6,0.3,9.4,24.3,5.0
626,5300.0,27.1,0.59,30.4,0.55,6.0,6.9,58.8
627,2260.0,19.0,0.48,10.0,0.36,9.1,7.6,29.4
628,4910.0,18.2,0.35,39.4,0.04,2.0,16.6,34.7
629,4290.0,31.8,0.39,30.5,0.41,11.9,19.6,14.0
630,4070.0,33.0,0.26,9.7,0.48,3.9,9.3,48.4
631,7100.0,42.6,0.28,43.5,0.21,8.2,32.2,9.0
632,4850.0,28.7,0.13,38.9,0.53,9.3,24.7,21.2
633,4110.0,20.1,0.49,40.2,0.02,2.2,14.7,36.3
634,5400.0,46.8,0.42,9.9,0.11,11.4,27.2,5.0
635,5590.0,31.8,0.59,27.6,0.43,1.7,5.3,66.8
636,6040.0,21.1,0.25,17.2,0.04,8.3,16.9,5.0
637,5350.0,7.9,0.13,17.4,0.12,0.5,9.1,40.3
638,1800.0,15.4,0.13,30.2,0.09,0.6,16.3,39.4
639,3250.0,13.6,0.51,11.7,0.4,10.7,3.3,32.7
640,4850.0,5.6,0.59,1.2,0.15,4.8,-3.2,46.3
641,3770.0,29.2,0.26,8.8,0.27,8.1,15.6,17.7
642,4850.0,34.5,0.15,7.7,0.42,3.5,16.9,38.1
643,6560.0,39.4,0.27,40.8,0.14,6.6,30.2,12.9
644,5180.0,46.6,0.55,9.1,0.16,5.2,17.3,27.0
645,6450.0,28.3,0.16,17.8,0.07,7.4,23.5,5.0
646,6680.0,23.7,0.2,22.6,0.5,3.2,8.3,53.5
647,4220.0,48.9,0.39,0.7,0.31,3.6,18.7,41.8
648,4500.0,52.2,0.42,5.9,0.04,11.1,32.8,5.0
649,4540.0,49.4,0.19,38.1,0.43,9.3,32.8,9.1
650,7430.0,14.5,0.42,41.8,0.28,7.4,15.5,32.4
651,2080.0,19.6,0.54,34.6,0.53,11.9,13.0,34.0
652,3260.0,42.8,0.27,27.7,0.44,5.1,19.4,35.0
653,4990.0,48.0,0.25,7.0,0.31,11.6,29.0,5.0
654,8730.0,32.9,0.19,13.4,0.16,5.9,26.1,11.2
655,4630.0,44.1,0.16,43.2,0.52,7.0,27.9,29.9
656,5080.0,23.0,0.38,37.6,0.33,6.4,17.1,37.4
657,4540.0,51.7,0.25,18.8,0.43,8.5,25.0,15.9
658,5800.0,48.1,0.16,24.2,0.13,8.5,35.6,5.0
659,6140.0,51.3,0.29,37.5,0.26,2.6,30.7,30.0
660,4830.0,48.8,0.2,27.4,0.11,4.9,32.4,6.0
661,7000.0,49.8,0.56,37.2,0.16,9.0,26.8,12.5
662,8810.0,46.0,0.34,44.8,0.27,2.8,26.5,41.1
663,4850.0,6.3,0.47,34.0,0.51,6.6,1.5,58.5
664,6120.0,48.2,0.27,6.1,0.44,1.7,16.8,50.5
665,4470.0,42.1,0.22,22.0,0.38,5.1,24.2,29.1
666,4500.0,52.7,0.36,39.5,0.33,6.6,30.3,21.2
667,7180.0,41.6,0.39,10.3,0.45,3.7,8.8,47.7
668,3470.0,37.8,0.37,2.3,0.3,3.0,9.6,42.0
669,3780.0,12.8,0.56,1.1,0.53,6.0,-5.0,60.3
670,8100.0,21.5,0.45,7.3,0.47,7.6,6.3,46.9
671,6090.0,5.7,0.12,24.7,0.28,3.5,8.6,35.0
672,3780.0,16.4,0.41,3.4,0.14,8.3,6.4,17.6
673,2220.0,36.8,0.54,22.8,0.15,7.7,18.8,20.4
674,4160.0,27.5,0.15,12.1,0.12,3.3,18.1,23.7
675,6050.0,37.9,0.27,43.6,0.29,3.1,24.5,35.9
676,3660.0,30.0,0.32,36.8,0.29,3.3,19.5,43.1
677,5130.0,35.2,0.43,41.4,0.3,3.8,19.6,38.3
678,2110.0,11.3,0.57,30.9,0.41,2.7,-5.0,74.1
679,6510.0,40.0,0.46,28.4,0.12,3.3,21.5,32.4
680,7810.0,41.2,0.31,16.2,0.4,2.5,18.7,47.6
681,6200.0,15.7,0.2,41.9,0.06,9.9,24.1,5.0
682,5130.0,48.3,0.54,35.0,0.38,2.9,16.6,52.6
683,6360.0,50.7,0.52,21.3,0.09,6.3,25.9,13.5
684,1800.0,18.1,0.17,8.1,0.48,10.6,11.7,17.0
685,5950.0,12.3,0.13,25.1,0.13,1.0,13.7,42.2
686,3080.0,11.1,0.53,28.0,0.4,6.8,1.7,51.6
687,5230.0,32.5,0.33,33.9,0.36,5.1,16.0,39.2
688,7960.0,5.9,0.46,1.8,0.04,2.5,-0.6,46.2
689,4950.0,16.8,0.44,3.9,0.04,0.6,0.9,47.6
690,8240.0,26.1,0.35,43.2,0.45,10.8,19.5,24.4
691,6470.0,11.5,0.24,6.8,0.41,9.4,6.2,28.1
692,4880.0,28.7,0.36,36.0,0.39,7.5,20.0,33.5
693,6590.0,13.8,0.57,21.3,0.01,8.1,9.5,14.4
694,3760.0,30.0,0.28,4.0,0.49,5.6,8.6,49.3
695,5260.0,26.2,0.4,1.3,0.15,3.1,9.9,36.8
696,2930.0,9.6,0.32,28.9,0.1,1.6,7.0,50.3
697,7640.0,10.5,0.23,37.1,0.47,7.9,14.2,36.3
698,4990.0,21.6,0.33,6.9,0.02,6.3,15.7,13.0
699,4440.0,24.0,0.28,23.7,0.28,1.7,10.1,48.6
700,5390.0,32.7,0.3,3.7,0.22,3.0,15.3,32.0
701,5100.0,33.3,0.33,38.1,0.29,4.6,19.1,34.6
702,5700.0,51.3,0.15,5.1,0.42,3.1,25.1,33.9
703,9120.0,10.3,0.13,19.4,0.26,11.4,15.0,5.3
704,1800.0,24.3,0.25,28.2,0.34,4.3,17.7,37.0
705,6260.0,10.7,0.17,37.6,0.36,11.5,19.0,12.9
706,2570.0,40.8,0.48,13.0,0.51,6.4,10.9,45.2
707,3490.0,31.3,0.32,28.6,0.36,10.2,21.5,14.3
708,3780.0,47.0,0.17,13.3,0.42,0.6,19.0,48.3
709,8630.0,51.8,0.41,38.4,0.35,9.9,31.1,8.4
710,7380.0,14.8,0.47,40.8,0.15,7.5,15.3,25.4
711,4970.0,10.1,0.43,2.8,0.36,0.7,-4.1,72.0
712,9990.0,13.2,0.29,14.5,0.46,9.2,6.3,34.3
713,1800.0,21.1,0.4,28.1,0.21,3.7,13.0,37.7
714,4180.0,33.3,0.25,25.9,0.11,1.4,17.6,32.1
715,1960.0,39.8,0.25,33.6,0.38,2.0,23.8,48.5
716,5820.0,9.8,0.44,11.9,0.39,1.9,-2.4,69.0
717,6330.0,13.1,0.19,42.1,0.38,4.8,15.4,41.3
718,7200.0,5.1,0.21,22.9,0.15,7.3,9.8,18.8
719,7330.0,17.8,0.55,36.6,0.21,2.3,10.1,55.3
720,5610.0,42.4,0.16,30.0,0.21,11.5,33.3,5.0
721,1800.0,51.3,0.45,25.8,0.48,1.4,19.0,59.6
722,5600.0,12.8,0.33,39.2,0.42,11.5,14.5,22.3
723,2950.0,23.9,0.39,35.4,0.16,6.9,16.9,22.2
724,7010.0,29.1,0.28,17.9,0.34,2.3,12.9,45.8
725,4730.0,26.4,0.33,17.6,0.52,10.7,11.8,28.7
726,7850.0,16.0,0.47,8.9,0.34,10.6,6.1,24.0
727,3840.0,28.9,0.57,33.3,0.03,8.3,19.7,10.7
728,6480.0,23.9,0.57,44.1,0.06,7.6,16.8,16.2
729,3380.0,52.1,0.58,41.7,0.23,3.0,21.2,43.2
730,4520.0,25.7,0.45,28.2,0.53,5.0,7.1,57.6
731,5390.0,11.4,0.33,41.7,0.0,10.0,18.9,5.0
732,2840.0,9.3,0.44,43.8,0.35,6.4,8.8,40.5
733,5990.0,48.3,0.45,28.8,0.48,8.2,23.6,31.2
734,7360.0,30.7,0.59,29.4,0.4,9.6,10.4,27.6
735,5800.0,27.0,0.44,0.2,0.42,7.7,4.3,37.9
736,3610.0,10.6,0.27,37.2,0.12,1.5,12.6,46.4
737,5940.0,41.8,0.6,7.2,0.27,9.0,18.2,24.8
738,7490.0,5.8,0.29,28.3,0.05,8.9,17.5,11.6
739,4030.0,5.2,0.35,32.1,0.23,3.5,6.2,42.4
740,5670.0,44.8,0.13,19.7,0.53,2.3,21.2,47.7
741,3900.0,26.6,0.45,44.4,0.51,11.4,17.4,31.1
742,3380.0,17.3,0.31,44.9,0.5,7.9,11.6,41.2
743,5930.0,15.8,0.17,26.0,0.29,9.3,20.2,13.7
744,4110.0,45.7,0.55,22.3,0.3,9.3,21.3,18.5
745,9000.0,8.4,0.43,12.9,0.08,3.2,7.1,34.6
746,6440.0,36.7,0.59,17.0,0.4,10.0,16.1,26.2
747,5500.0,47.7,0.24,38.7,0.5,9.4,28.8,21.6
748,4390.0,46.8,0.16,0.2,0.32,0.7,15.7,41.3
749,4770.0,5.6,0.48,32.1,0.53,2.1,-3.3,81.2
750,4790.0,45.9,0.15,44.8,0.35,10.1,34.9,5.0
751,4500.0,6.8,0.59,34.3,0.42,7.3,4.0,55.3
752,6210.0,35.6,0.18,19.8,0.32,7.8,22.2,17.7
753,6930.0,33.9,0.33,30.0,0.29,8.0,22.8,20.0
754,4510.0,33.2,0.54,14.0,0.13,5.4,11.9,28.0
755,3890.0,34.1,0.23,2.7,0.47,11.3,16.6,12.2
756,5630.0,45.4,0.34,28.5,0.34,11.2,28.4,5.0
757,7760.0,17.2,0.26,7.5,0.41,9.0,10.1,29.2
758,1800.0,52.3,0.25,20.9,0.43,8.0,28.0,15.7
759,2080.0,33.3,0.16,12.6,0.1,10.9,28.8,5.0
760,4630.0,38.9,0.29,0.8,0.13,11.1,24.4,5.0
761,4590.0,37.9,0.25,10.1,0.25,10.2,21.1,5.0
762,6160.0,8.9,0.42,23.6,0.28,10.3,7.8,26.8
763,3200.0,7.9,0.51,34.6,0.37,7.9,7.3,42.7
764,4990.0,46.3,0.2,32.6,0.43,10.6,31.7,9.7
765,6620.0,36.5,0.55,31.1,0.29,6.1,16.0,36.7
766,5080.0,52.7,0.4,30.7,0.41,8.1,28.9,24.5
767,3460.0,31.7,0.33,9.2,0.05,6.9,19.4,8.7
768,3330.0,5.4,0.26,2.6,0.01,0.6,3.8,39.0
769,2910.0,20.3,0.47,22.3,0.37,0.6,4.2,70.5
770,6010.0,34.5,0.35,26.3,0.0,9.6,24.4,5.0
771,5650.0,20.4,0.45,18.1,0.26,3.9,10.0,45.8
772,1850.0,40.8,0.17,19.3,0.45,6.1,21.4,29.8
773,7720.0,35.3,0.31,18.8,0.2,8.2,20.6,14.6
774,6280.0,47.7,0.44,13.0,0.11,0.9,16.4,40.0
775,11120.0,14.8,0.39,27.3,0.54,3.4,-1.4,68.2
776,6730.0,12.6,0.2,6.6,0.35,4.1,6.2,42.6
777,6850.0,20.4,0.31,11.6,0.29,2.1,4.3,50.7
778,7560.0,16.6,0.44,31.5,0.19,4.3,7.6,41.3
779,9170.0,43.9,0.48,15.3,0.02,9.4,23.8,5.0
780,5950.0,44.4,0.19,8.9,0.11,2.4,21.1,19.2
781,1920.0,17.5,0.26,16.8,0.41,1.7,4.7,63.7
782,6740.0,18.7,0.2,30.0,0.35,9.5,16.7,21.8
783,5250.0,16.8,0.47,7.8,0.06,5.5,10.0,27.8
784,4520.0,18.2,0.41,9.7,0.16,11.3,13.5,6.1
785,2510.0,24.6,0.29,6.0,0.52,6.5,7.4,45.4
786,3500.0,24.4,0.45,12.5,0.43,7.4,7.0,40.7
787,5070.0,20.4,0.37,39.5,0.2,1.9,17.8,50.8
788,5020.0,16.7,0.59,6.5,0.11,1.8,2.3,51.4
789,6080.0,22.8,0.13,16.0,0.42,4.6,12.7,38.8
790,7070.0,54.8,0.54,17.5,0.42,4.9,20.9,38.4
791,3470.0,12.0,0.4,7.5,0.41,7.9,-1.4,41.5
792,6790.0,12.0,0.54,3.1,0.2,11.3,5.4,14.4
793,5140.0,51.2,0.31,16.8,0.36,4.0,19.9,32.0
794,7100.0,52.8,0.33,29.1,0.49,2.0,22.1,52.5
795,7520.0,46.3,0.36,3.1,0.08,11.3,26.7,5.0
796,3790.0,32.0,0.47,16.8,0.13,7.2,17.4,13.1
797,5990.0,34.8,0.49,33.9,0.07,3.8,21.4,29.1
798,2960.0,10.4,0.17,13.0,0.37,1.4,5.9,53.0
799,2190.0,16.1,0.4,21.8,0.36,11.6,14.1,15.4
800,4340.0,40.9,0.55,10.5,0.46,3.3,7.7,61.5
801,3720.0,14.6,0.57,0.3,0.18,8.3,1.6,25.1
802,3540.0,32.4,0.16,33.3,0.42,1.6,20.6,54.7
803,6030.0,39.4,0.34,41.4,0.32,3.4,21.5,37.7
804,4300.0,18.9,0.3,26.1,0.22,9.9,18.1,11.7
805,6270.0,36.2,0.27,25.3,0.45,2.5,15.6,51.7
806,8060.0,53.8,0.33,16.9,0.21,5.7,29.3,13.0
807,3750.0,24.7,0.6,34.3,0.39,10.0,9.5,28.2
808,5390.0,5.8,0.51,8.0,0.3,7.7,0.8,37.6
809,7370.0,37.5,0.24,2.6,0.11,6.6,22.6,5.4
810,6430.0,39.7,0.59,37.9,0.53,8.9,21.6,43.7
811,2900.0,42.5,0.36,27.2,0.46,1.5,14.4,59.4
812,10170.0,47.2,0.28,34.7,0.49,0.8,19.7,58.3
813,6140.0,30.7,0.41,9.0,0.51,3.1,8.0,61.9
814,2110.0,18.4,0.45,39.8,0.44,10.8,10.4,30.0
815,4680.0,12.7,0.14,37.3,0.2,1.2,17.8,47.7
816,4320.0,48.4,0.31,26.5,0.07,5.3,28.4,8.5
817,1800.0,47.3,0.4,39.6,0.18,8.3,29.9,5.2
818,7920.0,46.0,0.2,11.0,0.23,2.9,20.0,31.0
819,7710.0,10.9,0.22,39.3,0.06,9.0,23.0,5.0
820,3180.0,53.0,0.22,2.3,0.44,6.5,20.6,25.9
821,4860.0,5.2,0.13,33.4,0.03,10.1,20.2,5.0
822,1800.0,5.7,0.18,38.7,0.12,8.5,15.3,8.7
823,4990.0,38.0,0.13,9.3,0.05,10.7,28.4,5.0
824,6530.0,36.4,0.5,40.9,0.03,5.6,23.2,21.1
825,1800.0,28.0,0.56,17.9,0.18,8.7,12.5,20.4
826,3720.0,21.9,0.44,31.7,0.28,4.8,16.7,38.7
827,3580.0,44.9,0.4,31.4,0.0,4.2,28.3,13.4
828,4470.0,48.4,0.41,19.3,0.3,2.2,17.7,41.2
829,3300.0,29.7,0.31,7.2,0.0,9.3,22.2,5.0
830,3610.0,8.0,0.27,31.9,0.17,0.6,9.9,50.9
831,4070.0,31.3,0.46,23.6,0.5,11.6,16.0,28.9
832,7670.0,28.5,0.2,29.5,0.1,11.9,27.6,5.0
833,2250.0,36.1,0.46,30.0,0.48,11.0,18.1,19.7
834,6200.0,22.9,0.32,15.9,0.11,1.5,13.2,40.0
835,5590.0,51.2,0.37,22.5,0.11,1.9,26.9,33.2
836,4870.0,13.2,0.17,24.0,0.21,10.2,17.7,5.7
837,3740.0,18.8,0.38,3.3,0.22,1.0,1.1,51.2
838,6130.0,15.9,0.26,22.2,0.27,6.6,15.4,28.3
839,5600.0,49.2,0.22,6.8,0.21,10.1,28.9,5.0
840,4060.0,43.3,0.24,33.3,0.1,8.2,31.3,5.0
841,4800.0,18.9,0.44,18.1,0.13,4.9,14.0,31.7
842,3930.0,38.0,0.39,3.7,0.45,7.1,10.0,38.5
843,5230.0,32.5,0.36,41.7,0.54,11.6,21.5,24.3
844,4060.0,28.6,0.45,27.6,0.21,11.6,23.8,5.0
845,5330.0,20.5,0.42,28.2,0.16,5.8,11.0,23.7
846,5260.0,34.3,0.16,19.6,0.01,5.9,28.3,6.5
847,8160.0,21.4,0.17,32.9,0.08,11.4,26.8,5.0
848,5370.0,26.2,0.56,11.4,0.11,10.2,10.3,7.6
849,6060.0,30.8,0.58,9.8,0.27,11.2,10.7,14.4
850,4660.0,34.7,0.45,6.5,0.18,10.9,15.4,5.0
851,5980.0,26.5,0.54,43.3,0.43,1.1,9.3,70.1
852,4590.0,31.9,0.5,12.6,0.34,11.4,21.1,15.9
853,6410.0,52.9,0.47,2.6,0.24,10.0,22.5,5.0
854,7300.0,13.6,0.54,41.4,0.27,3.7,4.1,50.9
855,3840.0,14.3,0.59,2.4,0.45,5.6,-5.0,63.0
856,5890.0,39.9,0.21,36.2,0.42,0.9,19.4,50.1
857,3290.0,53.8,0.5,41.0,0.06,10.9,38.0,5.0
858,6250.0,12.9,0.44,15.0,0.46,10.7,6.1,32.6
859,5800.0,53.2,0.47,3.2,0.22,8.8,22.7,8.9
860,8210.0,8.9,0.59,25.8,0.51,1.1,-5.0,82.0
861,7670.0,27.3,0.59,24.8,0.47,2.5,0.8,70.3
862,5950.0,53.3,0.49,10.6,0.23,3.0,20.8,36.8
863,6630.0,54.2,0.42,22.4,0.53,8.6,23.8,28.5
864,4410.0,41.4,0.39,45.0,0.32,10.5,29.2,9.9
865,5590.0,8.8,0.37,22.5,0.31,10.4,9.6,18.8
866,1930.0,42.9,0.46,2.5,0.33,7.2,11.7,28.0
867,2970.0,38.3,0.34,38.2,0.35,7.6,23.8,28.0
868,3300.0,33.7,0.21,10.4,0.43,6.3,16.2,30.1
869,5660.0,35.0,0.56,27.9,0.06,2.3,12.6,39.9
870,4060.0,40.4,0.24,0.4,0.3,2.6,15.3,36.1
871,3460.0,46.5,0.31,21.1,0.21,5.8,23.1,18.1
872,2870.0,54.5,0.14,36.6,0.22,5.4,35.2,9.9
873,6910.0,25.8,0.57,3.3,0.14,1.0,4.4,48.7
874,6850.0,7.2,0.35,22.1,0.35,5.5,5.8,47.9
875,5920.0,28.9,0.14,33.9,0.24,10.3,31.1,5.0
876,3520.0,15.6,0.15,28.0,0.41,6.9,15.3,30.9
877,5330.0,22.8,0.37,25.7,0.24,11.6,18.4,5.0
878,5980.0,44.0,0.39,10.3,0.45,9.0,13.7,20.1
879,3290.0,42.7,0.51,38.4,0.28,2.9,22.1,41.2
880,10470.0,20.3,0.38,15.5,0.28,1.2,4.2,53.0
881,4940.0,6.5,0.44,0.9,0.07,9.3,5.6,14.1
882,4610.0,21.8,0.38,8.7,0.12,8.6,16.2,7.7
883,6260.0,22.2,0.38,9.8,0.31,1.2,5.0,57.5
884,4410.0,46.5,0.2,4.8,0.23,10.3,29.9,5.0
885,5770.0,50.3,0.49,21.4,0.07,4.7,29.4,24.0
886,8620.0,9.1,0.35,31.6,0.07,4.6,9.1,35.0
887,9540.0,47.9,0.35,16.9,0.52,5.3,17.7,43.3
888,3800.0,35.2,0.39,14.5,0.17,7.5,17.9,15.2
889,8020.0,31.6,0.2,25.4,0.34,11.5,24.4,5.0
890,1800.0,27.9,0.4,8.7,0.04,6.2,17.8,14.3
891,7330.0,40.2,0.42,19.7,0.46,3.9,11.6,52.3
892,7880.0,46.0,0.47,10.6,0.24,3.2,16.6,40.3
893,5940.0,7.3,0.33,44.4,0.5,2.5,6.9,70.9
894,4410.0,46.6,0.29,42.5,0.42,3.7,27.6,39.3
895,5410.0,24.3,0.22,11.3,0.44,7.5,9.8,28.7
896,8580.0,36.0,0.28,30.1,0.49,11.4,21.5,17.5
897,9360.0,6.6,0.31,2.1,0.39,8.9,1.4,30.1
898,6350.0,7.8,0.25,23.3,0.32,9.8,8.4,19.5
899,1800.0,46.9,0.13,35.3,0.14,3.6,35.2,13.5
900,4940.0,12.9,0.41,27.2,0.24,0.6,7.6,60.8
901,6200.0,33.3,0.4,34.4,0.23,7.5,22.0,22.1
902,6030.0,51.0,0.22,31.3,0.45,4.9,26.7,31.8
903,4980.0,38.0,0.21,39.0,0.2,10.4,29.3,5.0
904,4830.0,50.4,0.54,32.3,0.05,11.2,32.5,5.0
905,6010.0,31.1,0.57,20.9,0.25,5.2,9.9,42.1
906,7920.0,49.8,0.55,18.5,0.18,9.5,26.7,6.5
907,5740.0,38.6,0.3,9.4,0.25,11.5,23.9,5.0
908,4900.0,5.2,0.48,6.5,0.28,7.4,-0.3,34.9
909,5480.0,51.7,0.29,29.1,0.07,11.5,35.2,5.0
910,6370.0,24.3,0.5,16.2,0.47,4.7,4.8,57.9
911,5790.0,22.6,0.59,9.3,0.48,2.6,-4.0,74.4
912,8460.0,5.5,0.17,27.9,0.3,4.8,11.1,39.0
913,2540.0,53.9,0.13,32.2,0.39,4.0,33.7,24.9
914,5880.0,38.1,0.13,37.5,0.43,11.4,30.9,6.6
915,7150.0,26.7,0.52,17.7,0.26,1.3,6.3,57.5
916,3310.0,38.3,0.15,2.2,0.05,9.3,22.7,5.0
917,5010.0,13.7,0.48,6.1,0.39,3.2,-5.0,59.2
918,5130.0,21.5,0.59,6.6,0.22,2.8,1.5,55.3
919,3830.0,7.1,0.48,27.9,0.12,6.8,7.2,26.5
920,5680.0,36.1,0.15,20.0,0.25,1.7,21.2,34.6
921,4450.0,20.4,0.23,12.4,0.43,10.8,15.5,18.8
922,4260.0,32.7,0.19,8.3,0.52,11.4,17.5,19.4
923,5970.0,34.5,0.26,17.5,0.22,10.9,24.5,5.0
924,4630.0,19.5,0.51,25.9,0.28,6.9,10.1,35.3
925,3350.0,10.8,0.23,6.0,0.07,4.8,10.3,21.3
926,5980.0,40.1,0.23,30.2,0.5,10.8,25.0,14.4
927,9140.0,45.4,0.42,11.2,0.31,1.1,14.5,45.1
928,4710.0,6.5,0.2,21.4,0.19,0.9,4.4,46.8
929,5040.0,19.9,0.41,0.3,0.2,7.7,3.9,20.5
930,5490.0,40.3,0.27,21.0,0.49,8.2,25.0,28.9
931,3320.0,22.1,0.41,30.5,0.2,7.3,18.5,23.6
932,6020.0,41.2,0.55,1.1,0.34,11.1,14.0,15.3
933,7010.0,26.7,0.37,2.4,0.08,7.7,11.0,7.6
934,5830.0,10.0,0.57,25.7,0.18,1.1,-3.3,61.3
935,5420.0,13.8,0.44,5.9,0.23,11.8,6.9,5.4
936,4900.0,7.6,0.29,24.3,0.22,2.5,7.1,48.1
937,4040.0,38.2,0.21,32.0,0.51,1.2,19.5,55.1
938,7270.0,10.0,0.32,5.7,0.23,10.1,7.1,15.3
939,1840.0,15.4,0.39,17.0,0.1,10.8,14.3,5.0
940,4610.0,51.3,0.52,23.7,0.32,4.6,20.0,34.0
941,5680.0,37.3,0.35,10.9,0.49,1.8,10.0,64.0
942,5400.0,12.0,0.34,12.6,0.33,6.4,8.0,40.9
943,6810.0,43.8,0.16,43.6,0.16,9.7,39.5,5.0
944,4890.0,48.1,0.42,28.2,0.52,0.7,16.2,66.1
945,4520.0,35.7,0.3,33.5,0.03,8.3,30.2,5.0
946,5560.0,22.2,0.3,16.4,0.02,11.3,21.6,5.0
947,2280.0,47.2,0.53,26.5,0.43,3.7,18.8,51.3
948,6360.0,33.0,0.44,5.8,0.02,10.6,15.9,5.0
949,4160.0,22.3,0.48,39.7,0.11,1.2,15.3,50.3
950,4050.0,21.0,0.46,22.4,0.3,9.0,12.6,24.2
951,4900.0,52.0,0.4,34.6,0.28,9.4,28.9,9.6
952,2900.0,44.2,0.52,14.2,0.38,6.2,16.2,39.3
953,4370.0,53.1,0.32,28.0,0.1,1.8,29.9,28.8
954,4940.0,6.7,0.41,34.0,0.24,1.8,2.6,57.2
955,5510.0,7.2,0.32,39.5,0.16,7.2,12.9,21.6
956,6080.0,29.8,0.34,6.2,0.02,7.4,20.1,5.0
957,5500.0,32.5,0.16,19.4,0.07,6.3,25.5,7.5
958,8410.0,27.7,0.58,3.2,0.4,11.7,8.9,22.5
959,6640.0,21.7,0.26,18.0,0.02,7.1,16.1,9.6
960,2750.0,51.8,0.36,27.1,0.43,3.4,25.4,43.2
961,4530.0,46.7,0.42,9.2,0.42,5.3,11.4,34.5
962,7330.0,25.5,0.54,39.3,0.34,3.0,12.9,57.5
963,5920.0,32.6,0.45,19.7,0.3,9.6,16.4,18.1
964,5680.0,37.0,0.19,4.4,0.02,5.8,22.8,5.0
965,4690.0,46.0,0.43,10.7,0.29,7.8,19.0,19.4
966,5620.0,25.1,0.13,37.1,0.46,3.0,17.6,50.2
967,7310.0,46.6,0.43,24.1,0.19,9.4,26.9,6.9
968,1800.0,22.3,0.19,42.6,0.22,10.7,21.7,5.0
969,4480.0,15.5,0.34,12.2,0.53,0.6,2.2,75.3
970,2810.0,47.8,0.3,22.5,0.15,2.7,27.8,26.1
971,4360.0,31.4,0.3,6.3,0.08,7.2,22.0,6.6
972,2410.0,17.2,0.58,38.3,0.21,1.5,10.5,60.1
973,3210.0,15.9,0.46,21.9,0.01,11.4,18.1,5.0
974,3160.0,26.9,0.49,42.6,0.3,10.7,19.7,16.4
975,4840.0,21.8,0.25,21.9,0.29,7.3,16.6,26.2
976,4510.0,25.9,0.3,11.9,0.32,7.3,11.0,25.1
977,5190.0,53.1,0.54,31.3,0.32,8.6,30.1,17.9
978,5480.0,48.2,0.23,36.1,0.48,8.9,26.6,20.3
979,9440.0,35.0,0.2,29.5,0.26,2.4,22.0,34.3
980,4780.0,30.4,0.32,4.3,0.19,10.0,18.1,5.0
981,5910.0,28.2,0.32,9.8,0.24,11.4,15.1,5.0
982,3230.0,11.3,0.18,10.3,0.41,2.7,5.2,58.1
983,6880.0,35.7,0.44,42.7,0.14,5.3,26.6,25.6
984,5920.0,15.2,0.31,25.0,0.09,3.7,15.3,28.8
985,6180.0,6.3,0.51,13.0,0.3,1.4,-4.1,64.1
986,7670.0,50.4,0.45,15.2,0.51,1.3,11.8,65.0
987,7770.0,41.9,0.51,36.4,0.04,0.8,22.6,40.9
988,6280.0,37.3,0.14,31.0,0.35,5.4,27.3,20.6
989,6780.0,40.2,0.58,32.2,0.53,3.8,11.7,65.7
990,3390.0,43.7,0.32,8.0,0.46,4.1,15.8,37.5
991,4530.0,19.5,0.48,22.4,0.13,1.7,4.7,47.5
992,5140.0,5.7,0.52,36.8,0.15,5.0,4.3,41.8
993,4440.0,31.5,0.56,7.9,0.17,10.7,14.1,7.0
994,3670.0,11.5,0.2,8.1,0.19,1.7,9.1,50.8
995,4560.0,14.1,0.48,11.5,0.31,2.6,-2.5,56.8
996,6210.0,37.8,0.37,31.0,0.21,1.3,21.5,42.4
997,3350.0,26.5,0.16,11.3,0.34,11.2,20.1,5.0
998,3020.0,47.2,0.23,20.3,0.27,9.6,31.5,5.0
999,3510.0,44.6,0.22,28.9,0.06,3.1,29.7,13.9
1000,6100.0,46.4,0.44,35.0,0.5,1.7,13.2,59.5
1001,2680.0,10.2,0.39,0.7,0.28,7.2,2.6,32.2
1002,4880.0,10.5,0.44,29.1,0.17,1.7,5.2,50.5
1003,6710.0,31.7,0.17,25.8,0.11,11.2,30.8,5.0
1004,2840.0,48.8,0.13,7.5,0.15,2.2,23.6,30.1
1005,5490.0,13.1,0.45,10.5,0.32,4.5,-0.4,52.0
1006,8410.0,5.3,0.49,3.1,0.35,10.2,-3.6,33.1
1007,7130.0,18.8,0.42,35.3,0.28,10.4,15.8,19.2
1008,2600.0,43.6,0.26,19.2,0.28,7.0,22.0,15.3
1009,6740.0,28.6,0.16,38.3,0.51,5.0,18.7,44.1
1010,9130.0,16.9,0.49,1.3,0.53,9.8,1.7,41.9
1011,5460.0,9.5,0.14,23.7,0.03,11.5,22.6,5.0
1012,5380.0,52.4,0.18,32.7,0.46,4.9,25.6,36.7
1013,5350.0,8.6,0.45,31.8,0.19,8.7,12.9,28.0
1014,5790.0,41.6,0.45,43.7,0.25,2.1,21.3,43.4
1015,5130.0,29.9,0.55,35.1,0.16,3.1,15.3,41.7
1016,8080.0,41.7,0.36,28.6,0.19,6.0,23.2,16.1
1017,4720.0,43.4,0.48,27.8,0.01,6.8,25.5,6.1
1018,8660.0,54.4,0.54,27.3,0.41,10.8,26.0,15.1
1019,6050.0,44.9,0.19,40.5,0.28,3.8,30.1,28.9
1020,3710.0,18.4,0.47,36.0,0.18,2.6,6.2,49.1
1021,4440.0,10.8,0.12,3.0,0.19,10.0,13.7,5.0
1022,1800.0,48.3,0.33,42.9,0.53,10.0,29.3,20.4
1023,3910.0,10.1,0.29,7.8,0.22,4.8,7.3,34.9
1024,8600.0,54.1,0.18,6.0,0.13,0.5,28.4,25.2
1025,7500.0,18.3,0.31,30.1,0.04,2.0,13.6,30.9
1026,4640.0,18.2,0.24,10.7,0.51,7.5,10.1,38.5
1027,4520.0,50.3,0.55,1.4,0.21,0.6,13.8,46.5
1028,5420.0,24.3,0.4,9.4,0.13,9.8,17.4,5.0
1029,1800.0,8.2,0.59,22.0,0.08,4.2,3.2,40.5
1030,7380.0,38.8,0.25,44.1,0.33,2.1,24.9,42.9
1031,4150.0,8.9,0.43,12.2,0.17,6.9,8.5,29.0
1032,2180.0,47.9,0.5,4.9,0.17,2.8,17.2,32.6
1033,3840.0,46.8,0.22,23.5,0.39,7.9,25.6,19.5
1034,5290.0,46.4,0.17,27.4,0.5,7.5,28.4,26.9
1035,3220.0,29.0,0.48,10.4,0.45,1.8,4.3,64.9
1036,6310.0,8.0,0.39,24.7,0.36,3.6,4.3,58.5
1037,3910.0,44.8,0.47,33.0,0.44,7.1,20.2,36.5
1038,1800.0,35.2,0.45,43.0,0.55,8.8,18.5,41.7
1039,5390.0,18.3,0.38,10.7,0.21,3.4,7.1,39.3
1040,3150.0,37.9,0.44,7.4,0.19,6.5,17.0,17.9
1041,4520.0,51.5,0.23,35.5,0.49,8.1,27.2,23.4
1042,1950.0,44.2,0.55,36.2,0.27,10.4,25.6,10.8
1043,3580.0,42.6,0.56,38.8,0.21,1.6,18.4,49.3
1044,7280.0,52.2,0.13,42.7,0.42,9.4,38.0,5.0
1045,6150.0,20.3,0.21,23.9,0.48,9.3,15.0,26.3
1046,4760.0,13.3,0.13,21.6,0.24,4.7,16.2,35.5
1047,4320.0,42.4,0.39,20.7,0.2,11.0,23.1,5.0
1048,6720.0,19.7,0.52,35.0,0.51,7.5,4.7,50.5
1049,5760.0,54.1,0.28,5.8,0.3,6.8,23.7,22.2
1050,5490.0,7.5,0.57,10.4,0.09,5.2,2.3,39.9
1051,7170.0,30.5,0.43,26.0,0.54,7.0,11.2,48.0
1052,3230.0,20.7,0.57,43.0,0.29,8.0,14.2,28.4
1053,4750.0,36.3,0.39,43.9,0.41,5.7,21.5,40.0
1054,4570.0,11.2,0.21,4.0,0.18,10.2,12.6,5.5
1055,2890.0,43.0,0.39,22.6,0.13,10.4,30.5,5.0
1056,2580.0,26.0,0.48,44.1,0.4,10.2,17.3,27.3
1057,2950.0,25.6,0.25,19.1,0.07,0.8,14.3,36.3
1058,5780.0,40.7,0.52,16.9,0.25,8.1,16.6,20.6
1059,4140.0,6.0,0.58,17.0,0.29,5.7,-1.7,50.3
1060,8800.0,40.0,0.2,22.9,0.3,7.6,25.8,15.8
1061,7920.0,25.1,0.51,19.2,0.14,11.4,13.1,5.0
1062,6980.0,22.6,0.34,3.0,0.44,10.6,9.8,20.0
1063,3570.0,20.7,0.54,22.6,0.5,4.5,2.6,63.5
1064,4630.0,27.8,0.35,8.7,0.54,11.7,10.9,23.8
1065,9980.0,50.3,0.26,6.3,0.33,11.1,26.2,5.0
1066,5410.0,8.1,0.49,8.2,0.15,10.6,6.7,15.0
1067,3560.0,26.3,0.28,23.2,0.22,3.8,15.7,36.9
1068,7890.0,37.7,0.29,39.1,0.32,8.8,29.3,13.0
1069,4850.0,34.6,0.39,2.5,0.46,5.0,9.2,50.1
1070,8180.0,22.2,0.14,44.8,0.49,4.0,17.0,49.0
1071,2280.0,10.8,0.31,18.9,0.28,10.5,9.2,14.9
1072,5880.0,50.0,0.27,6.9,0.41,4.4,18.5,36.6
1073,6120.0,47.7,0.4,36.9,0.12,10.9,32.1,5.0
1074,2310.0,36.1,0.46,32.2,0.13,7.8,22.3,12.3
1075,4790.0,40.1,0.43,21.5,0.38,11.4,21.9,10.1
1076,3790.0,23.3,0.45,10.0,0.13,7.9,13.4,17.3
1077,4910.0,21.1,0.47,32.3,0.4,10.7,12.7,23.1
1078,4810.0,46.7,0.31,29.8,0.35,6.4,25.2,33.2
1079,6650.0,23.7,0.21,3.4,0.1,10.9,20.3,5.0
1080,2710.0,37.6,0.32,31.8,0.12,6.9,26.5,10.8
1081,3570.0,42.5,0.38,31.1,0.18,9.5,26.6,5.0
1082,3280.0,28.1,0.15,31.5,0.52,8.8,20.0,26.4
1083,3040.0,26.2,0.51,19.6,0.22,10.7,13.3,8.5
1084,6730.0,37.4,0.54,33.3,0.27,1.3,18.9,52.5
1085,3530.0,30.3,0.25,37.8,0.14,4.1,20.5,22.8
1086,4970.0,32.3,0.25,43.7,0.04,6.0,31.2,6.7
1087,6310.0,47.7,0.16,24.0,0.32,8.3,28.9,9.5
1088,2280.0,34.1,0.53,14.8,0.46,7.3,9.2,40.4
1089,2860.0,31.1,0.46,16.8,0.23,4.9,12.0,34.4
1090,2280.0,36.1,0.5,4.1,0.11,7.0,15.9,19.2
1091,7010.0,37.1,0.43,16.6,0.26,4.9,15.9,30.7
1092,2320.0,16.0,0.26,31.1,0.18,9.7,19.3,7.9
1093,5780.0,43.4,0.31,19.4,0.42,5.0,16.3,35.2
1094,4010.0,8.1,0.58,23.9,0.26,3.5,-1.1,58.6
1095,9910.0,35.5,0.17,37.0,0.43,0.9,21.4,56.8
1096,4750.0,31.2,0.45,32.6,0.03,1.8,18.7,37.2
1097,8210.0,6.5,0.19,16.4,0.5,3.0,5.2,55.8
1098,3540.0,35.2,0.56,40.6,0.46,9.7,19.6,28.5
1099,4130.0,45.8,0.52,39.2,0.09,6.5,28.7,12.7
1100,3130.0,32.7,0.47,2.6,0.43,3.7,6.3,55.5
1101,6460.0,11.7,0.35,14.4,0.0,1.9,9.3,35.1
1102,5620.0,19.7,0.37,4.5,0.25,11.2,12.5,12.4
1103,3120.0,20.1,0.21,3.5,0.5,6.1,7.0,44.5
1104,3570.0,17.1,0.32,18.0,0.23,2.4,11.4,48.1
1105,6940.0,32.2,0.6,31.1,0.55,2.1,6.3,70.9
1106,6040.0,20.7,0.24,2.9,0.5,1.0,4.4,69.5
1107,5970.0,38.4,0.43,2.4,0.26,2.8,10.6,43.0
1108,4570.0,20.1,0.35,4.9,0.51,1.1,0.3,70.6
1109,7170.0,26.6,0.35,20.7,0.35,8.6,16.0,21.0
1110,9140.0,46.0,0.56,32.2,0.14,4.5,21.3,28.9
1111,6440.0,16.7,0.46,8.9,0.51,2.4,-5.0,69.5
1112,4170.0,35.5,0.43,32.5,0.31,2.7,15.3,45.2
1113,7260.0,47.2,0.35,2.7,0.3,11.9,24.8,5.0
1114,6990.0,21.2,0.2,3.9,0.28,6.8,12.3,24.5
1115,5180.0,10.2,0.16,32.5,0.47,0.7,7.7,62.8
1116,3310.0,14.0,0.15,43.3,0.32,7.5,17.9,26.6
1117,6890.0,41.7,0.33,15.5,0.25,11.1,24.0,5.0
1118,7910.0,24.0,0.36,0.9,0.01,11.1,17.4,5.0
1119,5320.0,10.2,0.52,38.8,0.43,2.4,2.9,71.8
1120,1800.0,51.9,0.23,37.3,0.25,8.2,36.6,5.0
1121,2870.0,35.9,0.16,28.6,0.01,8.4,33.8,5.0
1122,4540.0,39.4,0.25,10.7,0.12,3.6,22.6,25.3
1123,6380.0,39.0,0.52,10.7,0.44,2.6,5.3,62.4
1124,2600.0,50.2,0.25,31.0,0.1,6.7,35.6,5.0
1125,4550.0,53.4,0.46,18.7,0.15,9.9,31.7,5.0
1126,7320.0,33.7,0.29,28.8,0.28,9.5,26.1,12.1
1127,2880.0,43.1,0.2,20.6,0.22,10.9,32.6,5.0
1128,6850.0,22.8,0.6,41.8,0.47,5.4,7.8,59.6
1129,8290.0,37.5,0.54,35.3,0.46,5.3,16.3,50.9
1130,7170.0,26.7,0.54,18.7,0.09,6.2,13.6,25.9
1131,6770.0,6.5,0.49,42.8,0.17,7.7,10.6,30.6
1132,8420.0,45.3,0.59,37.2,0.18,10.4,25.3,9.5
1133,4920.0,18.0,0.26,20.2,0.0,3.0,15.3,21.7
1134,5460.0,40.8,0.57,4.9,0.48,3.4,2.1,56.6
1135,5220.0,25.5,0.27,8.4,0.21,7.7,18.5,13.9
1136,2340.0,33.7,0.43,39.9,0.28,5.5,24.0,31.7
1137,4680.0,46.8,0.54,6.4,0.25,6.8,20.2,23.4
1138,4150.0,32.9,0.25,6.1,0.36,3.6,13.5,41.0
1139,5730.0,22.9,0.34,15.9,0.31,10.9,13.2,13.7
1140,6130.0,41.4,0.59,36.1,0.26,7.7,18.9,26.1
1141,5260.0,10.7,0.48,2.4,0.02,11.8,9.2,5.0
1142,5050.0,39.2,0.25,11.2,0.06,4.5,22.6,17.1
1143,2560.0,22.9,0.31,12.5,0.16,2.3,13.6,40.4
1144,3320.0,29.2,0.58,32.4,0.52,7.8,13.0,48.7
1145,4420.0,40.6,0.58,28.3,0.09,9.2,22.9,5.7
1146,7290.0,25.0,0.16,22.7,0.52,11.3,19.4,18.0
1147,8540.0,50.4,0.15,15.7,0.27,5.5,26.4,19.0
1148,5810.0,53.8,0.51,4.3,0.34,6.3,18.1,32.3
1149,4000.0,41.2,0.14,7.1,0.28,4.1,19.3,22.9
1150,5460.0,38.2,0.35,6.4,0.04,7.6,24.1,5.0
1151,7940.0,47.0,0.5,1.3,0.04,6.0,18.2,15.5
1152,5120.0,31.4,0.27,28.3,0.25,4.8,17.6,30.8
1153,3640.0,39.3,0.41,26.1,0.5,8.4,19.6,32.4
1154,3140.0,46.5,0.52,42.9,0.27,5.0,22.2,38.2
1155,5120.0,14.5,0.4,34.7,0.01,4.1,16.0,33.4
1156,4170.0,44.8,0.37,41.6,0.15,7.5,32.2,10.5
1157,7610.0,16.4,0.34,8.2,0.18,7.4,10.2,19.7
1158,4870.0,36.1,0.28,39.3,0.25,2.4,24.1,35.7
1159,5090.0,47.3,0.46,16.5,0.31,7.2,22.0,25.3
1160,6380.0,49.9,0.53,20.9,0.49,3.2,15.2,57.8
1161,8350.0,21.2,0.13,32.1,0.42,1.7,10.6,51.7
1162,5000.0,54.9,0.4,8.9,0.31,10.9,25.2,5.0
1163,3880.0,6.1,0.22,23.2,0.37,6.3,9.7,39.1
1164,5640.0,49.9,0.38,4.2,0.06,3.1,24.0,19.6
1165,6030.0,36.4,0.36,5.5,0.04,2.6,12.7,25.9
1166,5810.0,33.8,0.47,28.0,0.35,1.8,9.9,55.5
1167,3730.0,36.6,0.54,38.6,0.42,2.7,15.8,60.6
1168,2670.0,35.4,0.51,13.9,0.47,11.8,15.8,23.5
1169,5830.0,41.7,0.43,15.8,0.49,10.7,13.6,23.5
1170,4070.0,13.7,0.2,15.6,0.47,10.5,12.1,20.1
1171,6580.0,49.8,0.19,30.2,0.52,3.1,26.4,45.5
1172,5420.0,28.3,0.6,15.7,0.31,7.6,5.6,31.8
1173,2720.0,8.6,0.54,4.4,0.31,5.3,-4.8,50.7
1174,6180.0,12.7,0.52,33.2,0.44,6.2,1.8,53.1
1175,8030.0,10.9,0.52,6.2,0.12,5.1,2.4,37.9
1176,6590.0,27.6,0.6,29.0,0.13,4.5,11.9,38.9
1177,6100.0,31.6,0.44,25.5,0.2,5.1,17.0,27.8
1178,5730.0,21.4,0.54,30.4,0.09,11.5,19.0,5.0
1179,5280.0,53.5,0.42,40.3,0.18,0.8,29.1,36.5
1180,2950.0,15.1,0.16,8.7,0.31,10.7,13.6,11.2
1181,4860.0,7.6,0.34,17.5,0.15,11.7,12.1,5.0
1182,6500.0,21.2,0.37,11.9,0.34,11.3,11.7,15.3
1183,4210.0,47.9,0.48,33.5,0.02,11.0,32.2,5.0
1184,4450.0,54.9,0.5,20.7,0.32,1.8,22.8,47.0
1185,9000.0,47.5,0.29,41.2,0.35,10.3,34.4,5.5
1186,5080.0,45.3,0.42,18.2,0.29,9.3,19.7,13.2
1187,6660.0,48.0,0.44,44.6,0.08,10.7,33.9,5.0
1188,7490.0,27.9,0.48,8.5,0.35,8.0,7.8,32.1
1189,2340.0,12.4,0.52,39.5,0.04,6.9,12.6,20.4
1190,5210.0,28.1,0.51,32.6,0.1,5.5,17.0,26.8
1191,3850.0,25.8,0.56,10.7,0.18,1.8,3.9,52.5
1192,6840.0,20.9,0.31,5.0,0.08,11.4,17.5,5.0
1193,4840.0,19.9,0.36,42.1,0.26,2.5,16.7,49.6
1194,7060.0,13.6,0.5,3.4,0.14,6.8,7.1,31.4
1195,5180.0,13.3,0.24,9.0,0.54,1.6,-0.9,71.4
1196,4490.0,31.9,0.43,33.8,0.48,3.7,12.9,59.3
1197,4510.0,50.2,0.25,1.4,0.05,1.0,23.9,23.4
1198,5220.0,11.7,0.18,10.4,0.4,5.9,5.3,37.2
1199,7750.0,28.4,0.21,33.4,0.25,9.4,27.0,5.0
1200,1800.0,6.1,0.27,2.5,0.3,5.7,0.9,40.1
