id,target_habit_count,morning_routine_adherence,screen_time_hours,physical_activity_mins,sleep_consistency_score,daily_stress_level,habit_completion_rate,vitality_index
1,5,0.69,3.7,52,0.78,1,58.3,73.8
2,2,0.9,4.0,58,0.75,9,57.2,50.8
3,5,0.26,2.2,51,0.8,1,47.8,63.5
4,5,0.54,5.3,32,0.38,3,33.0,37.6
5,2,0.47,5.5,46,0.48,6,32.9,37.4
6,7,0.31,5.8,43,0.76,4,26.0,52.2
7,5,0.98,4.6,63,0.39,4,54.9,53.2
8,6,0.44,3.6,53,0.9,6,43.7,55.6
9,4,0.16,8.3,30,0.6,6,15.0,32.9
10,3,0.36,3.0,31,0.8,3,44.2,51.9
11,5,0.26,4.7,46,0.57,8,15.4,29.4
12,2,0.56,5.5,78,0.75,1,63.3,72.4
13,2,0.56,5.5,45,0.78,2,53.6,66.1
14,2,0.92,4.5,66,0.5,4,65.5,55.0
15,6,0.29,4.8,67,0.85,2,43.5,67.8
16,5,0.95,5.7,51,0.75,10,40.2,44.2
17,5,0.62,3.1,46,0.45,4,46.1,46.7
18,7,0.79,3.1,51,0.7,5,52.7,55.2
19,4,0.7,3.8,41,0.74,5,51.8,51.6
20,5,0.66,6.8,86,0.83,4,52.3,71.4
21,3,0.76,3.6,38,0.94,5,60.0,60.7
22,3,0.4,6.4,83,0.36,1,39.3,55.4
23,4,0.43,6.7,80,0.81,7,37.0,55.6
24,7,0.49,4.9,51,0.38,10,15.0,21.8
25,3,0.93,4.4,66,0.46,4,59.5,61.1
26,7,0.33,2.9,10,0.63,4,25.7,39.6
27,7,0.58,3.5,49,0.48,1,43.6,59.7
28,2,0.59,4.1,18,0.56,4,40.9,41.8
29,5,0.64,4.7,26,0.87,7,36.8,44.6
30,3,0.21,5.4,52,0.85,4,40.9,54.0
31,7,0.3,5.6,49,0.72,8,17.8,41.2
32,2,0.96,5.0,49,0.38,6,48.1,44.8
33,3,0.89,5.1,13,0.91,4,58.6,59.8
34,5,0.83,4.9,62,0.45,6,42.2,45.0
35,2,0.57,5.3,46,0.98,4,58.2,62.8
36,6,0.65,4.4,64,0.78,5,50.5,62.2
37,4,0.89,3.3,36,0.88,8,58.1,51.7
38,6,0.91,3.0,54,0.45,4,55.8,52.7
39,4,0.26,6.4,22,0.84,1,32.0,55.9
40,7,0.2,5.3,38,0.5,2,24.9,45.0
41,6,0.17,6.2,56,0.76,5,24.4,46.6
42,6,0.2,5.4,32,0.36,7,15.0,20.0
43,6,0.27,3.0,43,0.46,6,21.5,32.3
44,3,0.91,3.7,58,0.58,1,71.4,71.5
45,2,0.32,1.9,88,0.97,10,51.2,52.1
46,7,0.26,5.2,44,0.88,7,22.6,44.3
47,6,0.93,4.3,10,0.38,1,49.7,48.8
48,5,0.67,4.0,60,0.73,7,45.5,50.4
49,5,0.19,5.1,52,0.94,3,36.3,63.2
50,4,0.63,2.8,76,0.83,7,59.1,58.2
51,7,0.3,4.4,35,0.71,2,32.1,55.1
52,2,0.2,6.0,17,0.76,6,25.8,29.3
53,7,0.34,4.2,36,0.45,5,21.4,37.6
54,3,0.74,3.1,35,0.9,9,48.6,45.7
55,7,0.81,4.4,67,0.7,8,46.1,49.3
56,7,0.48,5.0,39,0.82,1,42.4,63.2
57,6,0.68,4.4,17,0.45,8,23.5,20.4
58,5,0.97,2.3,55,0.76,2,79.0,72.5
59,2,0.95,5.4,32,0.73,6,53.9,50.3
60,3,0.37,4.7,56,0.62,3,38.0,48.3
61,3,0.65,5.9,53,0.96,4,56.1,62.8
62,2,0.25,6.9,43,0.54,9,15.0,21.7
63,7,0.96,3.2,23,0.81,10,40.4,37.3
64,4,0.88,4.8,41,0.55,3,52.3,51.5
65,6,0.81,6.0,47,0.8,7,37.9,51.8
66,2,0.19,3.2,62,0.74,3,45.7,55.6
67,2,0.66,3.7,77,0.7,5,59.9,60.6
68,4,0.78,4.1,15,0.94,1,63.4,69.4
69,7,0.24,6.2,46,0.85,5,23.4,52.2
70,7,0.89,4.9,76,0.75,4,59.6,68.4
71,6,0.94,4.9,33,0.86,2,62.5,74.9
72,5,0.64,4.6,60,0.79,2,60.0,67.7
73,2,0.57,4.7,25,0.44,4,33.6,37.9
74,4,0.2,3.1,45,0.36,1,29.8,43.4
75,5,0.77,3.8,70,0.96,8,55.1,63.2
76,7,0.91,4.7,42,0.41,4,41.1,44.4
77,2,0.5,4.1,67,0.52,5,43.5,49.6
78,5,0.64,7.1,33,0.57,7,19.5,37.4
79,3,0.43,1.5,34,0.86,10,40.4,31.4
80,2,0.83,5.2,17,0.67,10,38.5,27.6
81,4,0.21,4.0,82,0.98,4,54.1,67.9
82,7,0.59,4.0,43,0.78,2,44.8,62.5
83,6,0.61,5.2,56,0.4,7,30.0,35.2
84,7,0.71,4.6,16,0.7,5,37.0,43.1
85,2,0.44,7.4,20,0.9,6,32.3,44.2
86,5,0.43,4.8,27,0.42,1,30.7,43.3
87,5,0.51,4.8,75,0.57,10,24.6,33.6
88,3,0.76,4.2,16,0.8,5,50.9,51.9
89,4,0.52,5.4,36,0.77,10,24.7,33.4
90,6,0.31,4.1,24,0.52,9,15.0,20.0
91,7,0.81,6.4,62,0.73,7,35.3,59.4
92,6,0.89,5.6,72,0.41,10,33.5,36.3
93,3,0.6,6.2,45,0.49,6,29.4,42.4
94,7,0.44,6.7,66,0.65,7,19.2,43.8
95,6,0.89,5.7,61,0.68,10,38.0,44.4
96,5,0.2,7.0,41,0.97,6,21.9,47.2
97,2,0.91,1.8,37,0.86,10,62.5,43.3
98,4,0.16,5.4,84,0.48,6,23.9,41.3
99,5,0.78,4.4,19,0.52,3,47.4,45.3
100,3,0.47,5.2,74,0.89,10,38.6,48.3
101,7,0.15,5.8,79,0.89,7,23.4,54.8
102,4,0.95,3.5,10,0.58,2,59.7,54.5
103,5,0.15,1.8,62,0.96,8,37.9,48.3
104,3,0.51,5.1,65,0.52,6,41.1,43.9
105,7,0.56,5.2,43,0.78,3,41.7,58.0
106,5,0.96,4.7,43,0.85,2,66.6,74.6
107,5,0.41,2.9,32,0.77,5,38.8,46.1
108,4,0.6,6.4,10,0.5,4,28.6,36.7
109,4,0.41,3.6,31,0.38,5,30.2,30.6
110,4,0.45,2.7,44,0.87,8,39.6,43.0
111,2,0.39,4.5,50,0.64,2,51.0,53.4
112,7,0.49,4.7,47,0.6,7,27.9,41.2
113,2,0.48,2.3,28,0.46,3,43.4,41.7
114,5,0.64,2.4,46,0.67,2,58.9,63.1
115,6,0.29,4.2,56,0.8,7,28.1,46.3
116,7,0.44,2.5,45,0.52,7,28.3,33.4
117,7,0.28,5.5,33,0.93,5,24.8,49.6
118,4,0.26,4.5,42,0.45,1,34.2,44.5
119,2,0.91,6.6,87,0.68,7,56.8,63.1
120,2,0.21,8.1,18,0.62,10,15.0,20.0
121,4,0.85,5.2,46,0.91,1,64.8,79.6
122,6,0.71,6.7,14,0.74,10,17.8,31.1
123,6,0.54,4.3,73,0.83,1,56.3,77.9
124,4,0.81,2.9,10,0.87,5,58.1,53.8
125,3,0.45,3.0,36,0.44,9,31.3,23.0
126,2,0.34,4.9,64,0.4,9,22.5,22.0
127,3,0.87,3.2,51,0.83,7,62.6,58.5
128,5,0.65,2.8,59,0.42,1,57.4,58.1
129,2,0.34,4.7,58,0.93,1,55.5,72.2
130,5,0.88,4.8,27,0.59,6,42.0,40.7
131,2,0.26,4.3,66,0.71,10,28.3,31.1
132,7,0.5,6.5,48,0.49,9,15.0,26.9
133,6,0.81,4.7,67,0.8,1,67.0,81.2
134,2,0.31,2.5,52,0.65,8,36.1,32.9
135,7,0.65,4.5,56,0.88,2,54.3,74.7
136,7,0.8,4.5,46,0.59,6,39.8,47.7
137,7,0.83,3.7,49,0.65,4,50.9,60.5
138,7,0.66,6.9,73,0.42,4,31.5,54.4
139,6,0.32,4.5,53,0.77,9,22.4,38.8
140,4,0.34,4.9,77,0.45,1,43.6,60.8
141,4,0.49,4.8,32,0.51,5,29.4,37.0
142,4,0.28,6.4,60,0.36,9,15.0,21.3
143,6,0.71,5.1,23,0.75,10,26.5,33.6
144,3,0.29,2.9,81,0.96,10,42.8,48.3
145,2,0.37,3.2,37,0.96,9,37.4,42.1
146,6,0.24,4.6,10,0.74,3,28.3,42.6
147,5,0.41,4.2,57,0.94,5,43.2,65.7
148,3,0.44,6.7,69,0.89,5,44.4,61.5
149,4,0.71,4.1,91,0.95,10,54.6,58.4
150,7,0.43,3.4,60,0.52,3,43.3,48.0
151,3,0.66,3.8,48,0.76,3,59.8,61.7
152,2,0.3,2.8,56,0.4,3,39.3,43.7
153,4,0.58,5.1,53,0.55,6,35.8,44.8
154,4,0.62,3.2,80,0.61,9,43.1,44.6
155,5,0.48,3.8,55,0.75,9,34.0,34.3
156,3,0.84,5.4,47,0.61,1,58.7,70.0
157,5,0.77,1.7,38,0.36,7,46.6,34.2
158,6,0.54,3.1,29,0.76,1,51.5,65.2
159,6,0.73,4.1,55,0.63,6,45.0,52.2
160,6,0.35,2.8,57,0.54,1,42.3,57.6
161,2,0.27,5.6,44,0.76,8,28.1,35.3
162,3,0.47,1.6,58,0.94,1,68.3,77.5
163,6,0.33,7.1,47,0.95,1,36.2,74.4
164,5,0.38,2.9,60,0.57,3,43.7,52.2
165,4,0.87,4.4,36,0.56,8,42.8,36.6
166,2,0.6,2.3,50,0.86,9,54.6,41.4
167,7,0.46,6.6,51,0.55,3,27.9,51.5
168,7,0.87,3.3,32,0.37,4,42.4,43.0
169,2,0.76,3.6,20,0.42,8,39.0,22.4
170,4,0.16,5.7,19,0.96,1,33.8,57.2
171,3,0.84,3.7,17,0.83,1,64.7,67.4
172,3,0.83,6.3,85,0.55,4,54.9,66.8
173,2,0.92,5.5,34,0.88,1,68.4,74.2
174,4,0.43,4.1,34,0.59,3,37.4,45.9
175,3,0.67,3.0,62,0.96,8,60.5,59.4
176,5,0.39,3.2,70,0.94,1,60.5,77.1
177,4,0.92,6.0,44,0.96,6,52.6,67.5
178,4,0.23,3.9,35,0.52,5,23.8,35.3
179,6,0.73,3.7,50,0.65,6,44.1,49.0
180,5,0.26,3.3,10,0.81,10,17.5,22.3
181,6,0.91,7.0,10,0.53,2,39.8,51.0
182,4,0.19,5.1,56,0.66,4,31.4,45.8
183,2,0.75,4.0,28,0.8,9,42.6,38.2
184,7,0.4,2.0,46,0.87,8,37.7,45.2
185,3,0.78,5.1,10,0.44,8,25.0,23.5
186,3,0.93,4.3,54,0.84,4,70.0,65.7
187,6,0.54,4.4,52,0.87,2,54.2,66.2
188,4,0.25,4.9,31,0.45,9,15.0,21.5
189,6,0.79,3.0,49,0.45,8,41.0,37.1
190,3,0.39,4.7,10,0.87,2,39.0,58.6
191,6,0.83,3.0,54,0.85,4,67.1,69.7
192,2,0.95,5.7,80,0.66,6,58.9,65.5
193,2,0.3,4.3,54,0.49,1,46.2,54.8
194,7,0.7,4.4,54,0.52,6,39.0,43.4
195,7,0.89,5.4,25,0.96,4,46.5,62.2
196,3,0.82,3.3,71,0.38,10,45.8,31.8
197,4,0.72,4.9,43,0.98,6,51.2,61.2
198,4,0.6,3.0,56,0.74,10,37.8,40.3
199,5,0.44,7.2,27,0.64,7,15.2,33.2
200,3,0.92,4.6,41,0.96,6,65.3,62.6
201,6,0.78,4.2,58,0.77,3,56.9,69.5
202,5,0.78,2.9,67,0.91,2,74.3,75.6
203,3,0.71,5.0,54,0.69,7,47.0,45.9
204,6,0.63,4.0,20,0.39,1,38.3,45.2
205,7,0.28,5.0,34,0.65,10,15.0,20.0
206,7,0.48,5.0,67,0.9,8,34.7,54.2
207,3,0.39,3.9,44,0.83,4,46.5,56.6
208,7,0.6,2.2,50,0.96,3,58.7,65.9
209,2,0.27,6.9,24,0.61,3,28.9,41.8
210,2,0.38,5.0,48,0.95,7,41.6,51.1
211,5,0.39,4.5,10,0.71,6,21.9,34.2
212,7,0.42,4.1,45,0.88,7,35.3,50.1
213,3,0.81,2.9,20,0.64,9,42.1,35.0
214,3,0.48,6.0,36,0.43,3,30.8,43.4
215,4,0.42,5.8,53,0.59,3,35.6,50.9
216,6,0.33,4.3,30,0.46,8,15.0,24.0
217,2,0.85,5.7,33,0.77,9,38.7,40.6
218,3,0.32,4.0,47,0.47,7,28.7,27.9
219,3,0.79,5.8,58,0.56,6,46.9,49.0
220,5,0.26,5.4,63,0.39,1,33.2,54.3
221,5,0.95,4.2,60,0.89,1,75.7,81.6
222,5,0.96,5.0,25,0.64,2,56.7,64.1
223,4,0.47,3.2,73,0.36,2,47.0,51.9
224,6,0.44,4.8,42,0.38,7,18.3,25.1
225,4,0.29,2.6,49,0.85,2,48.8,61.9
226,7,0.6,4.5,10,0.65,6,23.8,35.0
227,4,0.87,5.0,27,0.72,8,42.2,42.6
228,5,0.4,7.1,29,0.57,10,15.0,20.0
229,7,0.2,4.2,31,0.69,9,15.0,26.8
230,2,0.81,5.8,37,0.6,1,54.7,64.8
231,7,0.15,3.3,56,0.35,5,19.7,30.3
232,4,0.74,5.3,74,0.43,1,53.5,62.5
233,7,0.92,6.6,59,0.8,9,38.9,55.5
234,7,0.78,4.5,45,0.94,7,48.6,57.6
235,5,0.5,4.3,61,0.77,4,51.6,58.8
236,3,0.9,5.6,16,0.44,8,34.0,24.2
237,4,0.52,5.3,77,0.49,5,39.8,53.7
238,5,0.96,4.5,23,0.81,5,54.1,54.8
239,4,0.73,6.0,44,0.46,9,26.6,27.3
240,4,0.57,5.6,75,0.59,9,29.7,41.4
241,4,0.38,5.0,18,0.94,1,43.8,65.1
242,6,0.65,5.5,34,0.97,10,30.0,41.2
243,6,0.21,3.0,30,0.9,8,25.1,36.2
244,5,0.82,7.6,27,0.75,1,44.7,73.9
245,6,0.88,4.9,45,0.68,9,37.7,38.6
246,7,0.55,4.7,45,0.59,7,25.7,37.6
247,7,0.21,5.1,73,0.47,2,29.2,54.9
248,7,0.5,8.0,55,0.76,1,37.4,65.4
249,6,0.15,2.6,12,0.35,7,15.0,20.0
250,4,0.7,3.6,65,0.91,5,62.9,68.5
251,4,0.66,2.2,52,0.87,10,49.7,43.0
252,5,0.76,4.4,35,0.92,4,58.9,61.8
253,7,0.4,4.0,30,0.59,3,31.1,45.7
254,5,0.83,4.8,66,0.8,1,68.1,77.6
255,5,0.37,5.6,55,0.59,8,22.7,36.8
256,6,0.63,5.1,66,0.94,7,46.1,59.6
257,4,0.79,2.5,52,0.53,8,50.8,38.3
258,3,0.69,4.2,33,0.49,2,46.9,51.0
259,5,0.26,4.6,37,0.37,4,18.8,29.1
260,5,0.63,6.2,52,0.96,5,46.7,63.1
261,7,0.44,5.7,70,0.57,7,26.5,40.3
262,5,0.79,4.5,68,0.51,3,56.4,58.2
263,6,0.21,1.5,40,0.83,9,29.5,32.8
264,5,0.65,5.7,29,0.91,1,52.0,71.0
265,3,0.91,3.8,62,0.59,8,51.5,46.5
266,6,0.71,4.1,27,0.59,3,46.6,54.0
267,6,0.52,3.0,35,0.85,5,46.0,51.2
268,3,0.39,6.7,52,0.93,3,42.7,64.7
269,2,0.19,3.0,48,0.61,4,35.2,45.2
270,6,0.35,8.8,44,0.73,10,15.0,29.6
271,4,0.37,3.5,37,0.8,10,23.6,32.9
272,4,0.68,4.0,10,0.55,6,38.0,31.3
273,4,0.49,3.9,45,0.88,7,42.6,52.7
274,3,0.45,3.2,10,0.6,7,29.5,23.9
275,2,0.46,5.5,41,0.75,10,31.5,34.0
276,6,0.67,2.6,38,0.72,3,57.7,55.5
277,5,0.97,4.4,59,0.66,3,65.1,68.6
278,7,0.93,5.0,57,0.85,4,61.3,74.5
279,6,0.52,3.1,108,0.6,1,63.3,82.6
280,4,0.8,5.8,46,0.79,6,46.8,54.2
281,2,0.71,3.4,10,0.49,8,36.1,22.4
282,5,0.34,4.9,10,0.38,6,15.0,20.0
283,7,0.84,5.9,45,0.36,1,43.8,58.7
284,3,0.31,5.1,54,0.76,8,31.6,39.6
285,2,0.41,5.0,35,0.5,2,38.2,50.1
286,2,0.16,3.5,35,0.92,1,51.2,61.5
287,5,0.42,2.8,73,0.78,5,50.0,57.3
288,7,0.63,1.5,10,0.81,7,38.7,39.9
289,4,0.69,4.6,45,0.43,8,34.0,27.5
290,6,0.58,5.6,64,0.5,5,37.6,50.8
291,4,0.59,3.2,45,0.54,9,35.4,31.3
292,6,0.63,4.5,37,0.44,8,23.6,31.7
293,3,0.49,1.9,75,0.77,8,54.6,52.1
294,7,0.92,5.6,65,0.71,1,64.0,76.6
295,7,0.78,3.3,14,0.46,7,31.5,28.4
296,2,0.76,3.8,74,0.82,8,59.6,56.9
297,5,0.66,2.4,10,0.92,6,49.5,47.8
298,2,0.81,3.2,66,0.81,7,64.7,58.3
299,7,0.19,5.4,48,0.83,10,15.0,28.0
300,3,0.71,2.5,49,0.78,3,67.2,64.5
301,7,0.88,2.8,61,0.96,6,61.6,67.6
302,6,0.32,5.7,51,0.63,10,15.0,25.2
303,7,0.65,3.5,65,0.83,4,52.6,66.7
304,4,0.65,4.8,48,0.95,9,41.6,50.3
305,6,0.19,6.0,47,0.82,8,15.0,36.5
306,6,0.73,5.1,46,0.87,9,37.8,46.7
307,4,0.29,5.7,46,0.54,10,15.0,20.0
308,7,0.6,3.8,47,0.89,4,50.5,66.7
309,4,0.22,3.3,71,0.64,1,44.5,61.2
310,4,0.59,3.3,35,0.69,1,56.4,59.5
311,3,0.17,2.5,32,0.84,8,29.1,32.5
312,5,0.86,5.7,44,0.52,2,47.6,56.6
313,2,0.8,5.3,56,0.48,1,62.7,63.3
314,5,0.37,4.9,41,0.36,10,15.0,20.0
315,3,0.48,4.3,23,0.97,1,58.6,69.1
316,3,0.38,4.4,47,0.87,8,34.6,46.9
317,7,0.41,6.6,63,0.64,1,37.4,67.0
318,6,0.57,3.7,41,0.56,8,27.8,34.0
319,4,0.69,4.5,33,0.74,8,41.1,39.8
320,3,0.97,5.1,55,0.65,5,55.6,59.4
321,3,0.85,3.3,91,0.82,4,77.2,79.7
322,2,0.91,2.1,33,0.9,4,75.2,63.2
323,6,0.81,2.5,14,0.73,1,61.6,57.6
324,3,0.33,4.6,14,0.71,8,17.1,25.7
325,3,0.54,3.9,42,0.4,8,28.0,26.5
326,5,0.94,3.4,38,0.61,3,59.5,58.2
327,2,0.44,5.7,64,0.88,10,34.3,42.1
328,4,0.54,4.8,27,0.56,6,32.0,35.8
329,3,0.3,3.5,16,0.36,10,15.0,20.0
330,2,0.19,4.3,52,0.81,3,39.7,57.3
331,4,0.39,2.1,76,0.89,2,62.3,76.9
332,4,0.9,1.5,49,0.75,8,63.1,49.0
333,6,0.21,3.5,24,0.64,3,27.8,38.7
334,6,0.54,4.3,19,0.61,4,29.7,43.9
335,7,0.7,2.8,48,0.95,8,49.3,47.2
336,4,0.39,4.1,41,0.66,10,23.8,26.4
337,4,0.2,5.5,67,0.58,1,36.8,57.5
338,7,0.33,7.3,46,0.55,10,15.0,20.5
339,5,0.83,5.5,41,0.36,4,40.9,44.4
340,3,0.85,4.4,46,0.76,8,50.0,51.6
341,7,0.4,2.0,41,0.6,2,46.8,52.6
342,7,0.19,4.0,48,0.45,8,15.0,24.4
343,7,0.87,3.8,34,0.39,2,52.5,57.1
344,6,0.23,5.3,53,0.37,1,25.3,45.8
345,6,0.15,3.4,24,0.71,5,24.2,34.8
346,7,0.47,5.0,47,0.61,2,40.6,56.5
347,3,0.94,4.1,10,0.39,4,47.9,39.3
348,2,0.88,4.7,96,0.9,8,71.3,68.9
349,5,0.72,5.6,43,0.67,5,43.8,51.5
350,6,0.5,4.0,34,0.86,5,38.7,53.4
351,5,0.36,4.4,52,0.41,1,36.4,52.4
352,2,0.54,5.3,19,0.75,7,33.7,38.1
353,2,0.34,3.9,36,0.39,8,22.4,20.3
354,2,0.54,2.8,10,0.65,9,33.0,23.3
355,4,0.45,3.2,46,0.82,8,38.6,40.9
356,6,0.9,4.6,87,0.9,3,74.3,83.0
357,6,0.42,4.9,10,0.93,6,25.4,40.5
358,3,0.95,5.7,38,0.49,8,44.9,39.2
359,6,0.61,3.5,23,0.79,3,47.4,53.4
360,5,0.43,5.8,69,0.48,7,26.8,37.9
361,2,0.64,5.4,25,0.58,8,36.5,30.1
362,6,0.55,6.3,25,0.41,1,28.9,47.3
363,3,0.56,5.1,33,0.56,5,36.7,40.3
364,4,0.24,2.4,84,0.85,9,42.1,48.4
365,5,0.32,5.0,30,0.67,8,18.8,27.8
366,6,0.53,3.5,51,0.58,5,41.6,45.9
367,4,0.94,5.8,29,0.4,1,52.6,52.9
368,3,0.2,4.3,62,0.46,2,36.5,51.0
369,2,0.77,3.8,42,0.66,9,43.4,34.1
370,2,0.3,3.3,59,0.97,3,59.3,69.7
371,5,0.18,5.5,38,0.95,1,37.9,67.7
372,5,0.65,6.3,26,0.78,5,36.2,51.9
373,4,0.91,3.5,63,0.57,1,71.4,70.0
374,5,0.27,6.5,58,0.95,10,22.3,39.3
375,6,0.29,5.6,24,0.49,8,15.0,20.0
376,2,0.9,6.3,28,0.78,7,49.8,49.5
377,4,0.76,5.1,73,0.83,9,47.6,54.5
378,6,0.22,1.7,55,0.64,10,25.2,27.3
379,6,0.47,6.8,36,0.38,4,20.1,31.7
380,2,0.75,6.0,74,0.73,8,46.6,55.7
381,7,0.32,5.4,47,0.64,5,25.3,43.5
382,7,0.46,4.5,25,0.49,10,15.0,20.0
383,3,0.74,2.4,86,0.75,10,57.4,46.7
384,4,0.93,4.8,51,0.67,5,52.5,57.5
385,2,0.2,5.2,14,0.98,10,21.7,28.0
386,5,0.38,1.5,26,0.84,4,46.5,48.7
387,7,0.39,5.8,64,0.65,4,31.4,53.7
388,2,0.2,5.9,32,0.59,5,24.9,41.6
389,3,0.88,3.9,75,0.74,7,63.6,60.7
390,4,0.48,5.0,28,0.42,9,15.8,20.0
391,4,0.86,4.8,16,0.98,9,42.9,42.5
392,5,0.35,3.0,29,0.69,1,44.9,53.7
393,4,0.66,3.4,57,0.63,9,36.6,41.7
394,6,0.7,6.0,24,0.67,9,23.7,33.3
395,2,0.88,2.4,67,0.47,10,54.2,34.8
396,4,0.37,3.6,38,0.78,2,48.2,57.7
397,4,0.57,8.7,43,0.84,5,33.5,55.2
398,2,0.72,5.9,46,0.65,8,38.5,43.3
399,3,0.85,2.7,28,0.69,6,55.0,41.4
400,7,0.23,5.8,34,0.67,2,20.7,46.9
401,3,0.44,4.3,13,0.84,9,29.5,28.9
402,5,0.96,3.1,41,0.88,9,51.6,49.4
403,7,0.52,7.5,19,0.7,10,15.0,24.7
404,6,0.85,4.9,32,0.49,4,43.6,46.3
405,2,0.37,5.5,36,0.41,10,18.5,20.0
406,6,0.44,5.5,84,0.63,6,33.2,48.0
407,2,0.85,5.8,53,0.83,10,45.3,45.6
408,2,0.9,4.9,61,0.41,6,51.4,45.2
409,4,0.76,3.8,17,0.98,3,59.8,63.9
410,3,0.26,4.3,21,0.52,3,34.7,41.9
411,3,0.22,4.3,59,0.82,3,44.4,59.8
412,5,0.48,6.2,74,0.38,6,23.9,43.4
413,3,0.88,2.1,46,0.58,4,67.3,54.2
414,2,0.71,4.6,41,0.45,1,56.5,55.3
415,2,0.41,4.4,48,0.36,7,27.4,31.6
416,7,0.31,4.6,69,0.87,5,37.9,58.5
417,3,0.38,5.6,80,0.59,1,46.9,71.2
418,2,0.73,3.8,41,0.61,5,53.2,54.9
419,5,0.41,5.4,68,0.73,2,47.2,65.1
420,7,0.31,3.0,48,0.83,1,47.1,65.9
421,5,0.45,4.9,46,0.4,4,32.5,39.9
422,3,0.84,4.9,21,0.75,6,51.2,46.8
423,5,0.42,3.3,51,0.82,8,38.6,43.8
424,4,0.55,4.5,55,0.79,10,35.4,40.5
425,3,0.58,3.5,24,0.79,2,54.5,59.5
426,7,0.51,7.4,68,0.73,7,28.4,51.7
427,2,0.26,6.9,32,0.89,5,25.4,48.9
428,2,0.4,3.4,33,0.66,3,37.9,50.9
429,5,0.81,3.5,45,0.59,1,58.8,64.3
430,2,0.19,5.9,67,0.58,6,31.0,43.1
431,7,0.82,4.8,48,0.45,5,35.4,51.9
432,2,0.62,4.6,10,0.6,5,39.9,34.8
433,7,0.48,5.4,31,0.45,10,15.0,20.0
434,5,0.36,2.2,59,0.78,10,36.5,31.7
435,6,0.93,5.7,86,0.56,10,39.5,44.4
436,6,0.95,3.0,67,0.49,5,56.2,55.1
437,4,0.87,3.6,81,0.65,5,65.1,64.8
438,4,0.25,5.5,30,0.71,9,16.9,22.3
439,7,0.84,4.7,35,0.76,5,44.4,57.8
440,2,0.54,5.2,65,0.36,8,32.6,34.6
441,3,0.32,4.5,66,0.52,6,34.2,44.3
442,7,0.22,3.4,40,0.5,1,31.5,46.9
443,3,0.58,5.7,76,0.94,9,44.7,53.9
444,6,0.64,7.0,57,0.44,2,33.1,57.5
445,5,0.77,4.4,38,0.67,2,52.1,62.3
446,6,0.85,2.0,27,0.71,5,57.4,52.6
447,5,0.65,5.7,81,0.74,4,52.2,68.8
448,4,0.87,4.7,10,0.45,4,41.8,39.2
449,2,0.21,2.0,76,0.62,4,49.3,54.2
450,3,0.69,2.2,54,0.35,7,45.5,35.7
451,7,0.9,3.7,11,0.67,9,37.9,31.0
452,7,0.33,3.7,42,0.91,5,37.4,55.1
453,3,0.92,2.8,47,0.52,8,53.9,40.8
454,5,0.33,4.8,43,0.66,3,35.2,50.4
455,4,0.73,3.9,52,0.6,3,52.1,59.6
456,4,0.6,4.1,25,0.42,6,29.8,28.0
457,3,0.41,5.0,29,0.59,9,22.8,24.1
458,3,0.62,5.8,49,0.49,2,45.5,56.6
459,4,0.66,6.3,52,0.65,7,36.4,45.3
460,6,0.27,5.1,43,0.44,1,31.4,47.0
461,3,0.43,6.8,67,0.81,5,39.9,59.4
462,6,0.26,2.6,55,0.84,4,43.3,54.5
463,2,0.36,3.3,49,0.49,3,41.7,47.8
464,4,0.19,6.3,73,0.76,3,36.1,65.5
465,4,0.35,5.2,76,0.52,10,17.6,31.0
466,2,0.3,6.4,63,0.38,6,23.4,27.7
467,3,0.27,5.6,107,0.96,5,51.4,76.8
468,5,0.18,4.9,74,0.68,10,17.5,34.3
469,4,0.82,2.8,46,0.8,4,64.9,62.4
470,3,0.41,3.0,49,0.35,3,40.4,43.0
471,4,0.82,5.3,43,0.71,5,49.8,59.5
472,4,0.31,5.0,10,0.98,10,20.6,28.2
473,6,0.93,3.7,19,0.95,1,67.2,74.9
474,7,0.16,7.1,10,0.69,3,15.0,39.1
475,4,0.82,4.2,70,0.39,9,39.7,35.7
476,3,0.89,3.1,43,0.61,10,51.6,36.7
477,5,0.19,7.6,41,0.6,9,15.0,22.7
478,5,0.87,3.3,59,0.86,10,52.5,46.5
479,4,0.85,4.9,44,0.92,10,43.6,48.8
480,6,0.37,6.4,37,0.82,4,29.7,54.5
481,2,0.8,4.7,55,0.41,10,35.1,34.3
482,5,0.93,3.3,37,0.43,10,33.3,28.8
483,7,0.46,5.9,48,0.67,4,29.3,50.0
484,4,0.3,2.7,50,0.67,1,46.7,60.6
485,2,0.98,3.0,100,0.4,8,65.3,48.8
486,6,0.79,3.3,55,0.62,6,47.1,50.1
487,2,0.43,7.1,10,0.97,5,32.5,44.3
488,5,0.88,4.2,56,0.46,9,40.8,37.5
489,2,0.3,5.1,36,0.63,3,36.1,45.3
490,6,0.22,5.0,45,0.68,1,33.5,56.4
491,2,0.51,5.5,53,0.67,7,38.5,40.3
492,7,0.49,6.5,75,0.45,1,38.6,62.5
493,6,0.33,2.8,50,0.96,5,46.5,62.2
494,7,0.9,2.8,86,0.4,3,59.5,67.3
495,7,0.72,1.7,55,0.77,6,56.2,55.5
496,7,0.44,2.3,60,0.73,8,34.7,44.0
497,7,0.25,4.4,25,0.9,10,15.0,23.3
498,7,0.26,3.9,53,0.51,1,33.6,49.2
499,3,0.72,6.9,40,0.8,6,41.2,49.9
500,2,0.98,4.7,36,0.78,2,71.0,68.6
501,7,0.89,5.3,35,0.76,7,43.3,48.0
502,3,0.76,5.7,66,0.82,6,55.3,61.0
503,3,0.77,2.3,77,0.85,4,68.6,70.5
504,3,0.4,4.1,10,0.84,7,32.4,36.5
505,2,0.19,5.1,67,0.62,6,32.8,39.1
506,3,0.95,1.5,29,0.35,3,58.2,47.1
507,3,0.72,2.2,21,0.61,9,41.4,28.4
508,7,0.59,5.6,31,0.98,2,46.6,70.6
509,2,0.45,4.6,25,0.54,5,33.9,35.9
510,5,0.52,3.0,24,0.82,3,49.3,56.7
511,4,0.62,4.5,22,0.41,10,19.3,20.0
512,5,0.73,5.6,46,0.45,7,34.8,36.9
513,2,0.86,5.7,33,0.54,6,46.5,40.4
514,3,0.2,2.9,50,0.62,1,47.7,55.1
515,7,0.18,4.7,61,0.91,8,25.1,41.3
516,3,0.35,3.3,35,0.61,1,42.7,53.6
517,5,0.44,4.5,10,0.45,9,15.0,20.0
518,6,0.17,1.5,39,0.78,3,39.5,52.8
519,6,0.23,8.4,79,0.82,8,15.0,51.8
520,7,0.56,5.0,20,0.4,1,32.0,43.7
521,3,0.45,5.0,28,0.92,2,46.0,58.6
522,7,0.92,3.7,51,0.49,1,59.2,63.8
523,6,0.39,7.1,40,0.54,8,15.0,30.6
524,3,0.54,2.4,70,0.94,8,56.5,56.5
525,6,0.46,5.1,57,0.59,8,24.2,34.7
526,3,0.77,5.6,25,0.53,6,36.6,33.5
527,3,0.72,3.1,50,0.44,2,60.3,55.2
528,7,0.36,4.8,44,0.78,9,17.7,37.7
529,2,0.18,4.2,10,0.84,9,16.7,24.7
530,2,0.93,8.7,34,0.68,5,44.2,54.3
531,2,0.37,6.5,60,0.65,6,32.5,47.0
532,2,0.3,4.0,20,0.83,3,39.5,47.6
533,4,0.49,7.6,62,0.46,9,18.0,34.6
534,3,0.83,3.3,23,0.38,10,34.0,20.0
535,2,0.23,4.8,77,0.65,7,35.2,43.2
536,4,0.45,5.1,44,0.97,9,34.2,45.4
537,5,0.21,4.0,59,0.81,1,44.9,66.0
538,7,0.5,3.9,36,0.57,7,26.2,35.8
539,5,0.93,3.7,52,0.52,2,60.9,61.3
540,3,0.86,3.3,31,0.89,7,56.7,50.0
541,4,0.56,6.7,56,0.48,6,29.4,40.3
542,6,0.95,2.8,24,0.9,5,59.9,61.0
543,4,0.63,4.3,48,0.39,10,25.3,23.0
544,5,0.71,4.4,40,0.45,10,26.7,24.6
545,3,0.37,4.7,46,0.69,6,33.5,41.2
546,4,0.72,3.9,52,0.58,8,43.2,38.8
547,6,0.91,6.0,43,0.48,1,55.9,62.2
548,4,0.65,7.6,70,0.79,9,34.8,50.4
549,4,0.27,8.1,44,0.43,1,21.1,45.4
550,6,0.94,7.0,40,0.94,2,57.9,76.0
551,2,0.92,4.5,29,0.35,3,52.7,42.9
552,2,0.51,3.0,66,0.35,4,45.9,42.9
553,5,0.72,4.1,73,0.87,7,54.4,61.7
554,7,0.41,4.6,51,0.89,3,41.7,62.7
555,4,0.66,6.3,77,0.95,9,44.1,55.6
556,5,0.82,6.1,33,0.83,4,50.4,60.5
557,7,0.59,4.1,20,0.41,5,24.9,36.5
558,2,0.96,3.9,39,0.39,4,61.5,47.3
559,6,0.54,4.0,60,0.67,4,41.0,53.8
560,6,0.46,6.6,45,0.93,9,23.9,44.5
561,3,0.45,2.2,44,0.41,2,46.2,48.5
562,2,0.5,4.0,57,0.67,2,55.3,65.2
563,7,0.89,5.5,52,0.82,9,45.2,50.7
564,3,0.16,5.7,40,0.77,8,19.9,32.6
565,6,0.78,4.8,23,0.5,1,49.6,53.5
566,6,0.73,4.4,50,0.53,8,34.0,39.5
567,2,0.29,5.5,63,0.95,1,57.0,73.3
568,3,0.83,2.3,26,0.88,9,51.6,40.2
569,3,0.82,6.6,42,0.55,3,46.5,54.6
570,6,0.77,6.0,17,0.74,5,39.1,46.7
571,2,0.82,4.2,35,0.96,6,56.8,61.1
572,5,0.9,4.8,64,0.57,5,51.8,58.3
573,2,0.34,5.0,45,0.61,5,37.6,42.4
574,7,0.3,2.1,31,0.72,8,28.7,27.8
575,7,0.68,6.1,51,0.61,5,36.7,53.4
576,3,0.41,2.2,42,0.6,10,36.4,26.3
577,7,0.93,2.1,19,0.4,8,35.3,28.5
578,3,0.78,5.3,34,0.79,9,43.1,42.0
579,5,0.69,5.5,44,0.92,6,45.3,53.4
580,4,0.87,6.7,72,0.44,7,42.3,47.5
581,5,0.54,4.1,92,0.53,3,51.7,62.1
582,5,0.29,3.7,58,0.86,1,47.7,69.8
583,6,0.6,4.7,66,0.81,2,56.9,70.7
584,6,0.96,2.4,39,0.59,3,61.8,58.5
585,2,0.46,5.5,63,0.52,4,41.2,49.3
586,6,0.38,6.1,10,0.61,10,15.0,20.0
587,7,0.28,4.0,17,0.45,4,22.7,30.5
588,5,0.8,6.9,54,0.71,6,39.7,53.4
589,2,0.28,3.1,43,0.69,8,34.8,33.0
590,2,0.49,5.7,60,0.4,1,46.1,53.8
591,4,0.28,6.8,31,0.36,10,15.0,20.0
592,2,0.17,2.1,41,0.45,6,32.9,29.7
593,7,0.92,3.6,49,0.8,7,51.1,58.0
594,5,0.33,2.2,70,0.41,2,44.6,53.1
595,4,0.9,4.1,36,0.5,1,58.4,61.6
596,3,0.61,5.4,41,0.92,2,59.0,67.8
597,6,0.63,8.5,80,0.46,4,31.4,55.1
598,7,0.52,3.9,35,0.6,9,23.0,30.9
599,2,0.32,2.1,58,0.62,9,36.5,33.0
600,5,0.56,5.1,50,0.77,2,45.9,67.3
601,7,0.65,5.4,72,0.7,4,46.8,64.5
602,4,0.29,4.7,21,0.88,10,19.4,29.5
603,7,0.59,2.8,29,0.73,9,29.3,35.7
604,2,0.37,2.3,50,0.9,5,51.3,53.1
605,7,0.33,4.8,48,0.52,3,29.3,46.1
606,3,0.57,3.8,69,0.44,2,50.1,56.9
607,7,0.45,4.8,50,0.72,4,37.0,53.2
608,2,0.55,3.0,29,0.36,10,27.9,20.0
609,6,0.2,4.2,51,0.42,2,25.2,43.0
610,6,0.26,5.1,86,0.73,6,32.9,54.8
611,2,0.78,4.4,22,0.42,6,38.0,32.6
612,4,0.34,4.5,50,0.46,9,20.7,22.5
613,4,0.18,4.0,42,0.88,8,26.9,39.2
614,2,0.83,3.5,51,0.94,10,57.7,50.7
615,4,0.3,3.8,62,0.62,10,27.0,27.8
616,2,0.8,3.4,62,0.67,4,65.3,61.7
617,6,0.38,6.2,72,0.88,3,42.4,69.1
618,5,0.92,5.7,13,0.66,1,50.6,61.7
619,2,0.39,4.3,11,0.78,7,28.9,31.2
620,3,0.91,4.3,72,0.68,7,62.5,59.0
621,2,0.45,5.9,67,0.88,5,44.3,57.8
622,5,0.35,4.3,53,0.62,10,20.9,28.9
623,6,0.59,5.5,31,0.95,5,39.7,56.2
624,3,0.78,4.8,58,0.4,10,35.7,29.6
625,2,0.56,1.5,10,0.41,1,49.6,45.5
626,6,0.29,4.2,34,0.55,9,15.0,24.6
627,4,0.77,6.3,31,0.74,6,42.2,49.7
628,4,0.61,4.8,43,0.97,10,42.2,43.5
629,6,0.59,6.2,53,0.53,6,30.4,41.7
630,7,0.39,3.2,45,0.37,2,36.8,43.5
631,6,0.55,5.5,34,0.92,8,30.6,44.4
632,5,0.72,4.3,45,0.78,3,52.8,67.1
633,6,0.32,7.9,22,0.74,6,15.0,39.1
634,7,0.39,5.0,44,0.79,9,19.5,37.3
635,3,0.2,5.5,50,0.84,7,26.8,45.2
636,2,0.78,4.0,89,0.37,6,52.4,48.9
637,7,0.52,6.0,54,0.9,8,31.5,46.7
638,4,0.43,4.6,66,0.57,9,26.7,33.2
639,4,0.47,4.1,28,0.73,7,33.9,34.9
640,6,0.91,4.5,35,0.51,4,49.7,49.8
641,7,0.23,5.7,33,0.7,10,15.0,21.8
642,2,0.65,2.1,65,0.72,3,69.5,65.5
643,6,0.66,5.4,42,0.68,10,23.7,36.3
644,3,0.59,6.2,78,0.87,6,53.0,67.1
645,2,0.71,3.7,41,0.94,2,72.9,74.7
646,3,0.48,5.5,25,0.72,9,24.4,30.0
647,4,0.53,3.8,99,0.69,4,60.1,65.1
648,7,0.51,6.0,51,0.97,10,23.2,41.1
649,5,0.88,5.7,13,0.72,8,36.0,38.3
650,5,0.36,7.0,33,0.94,5,27.4,52.6
651,4,0.67,4.1,42,0.38,10,26.5,24.2
652,6,0.58,5.7,17,0.97,3,42.4,58.2
653,4,0.47,3.7,56,0.49,9,30.6,30.1
654,7,0.52,5.0,37,0.77,3,39.4,54.5
655,2,0.46,7.2,14,0.77,4,34.1,45.2
656,7,0.88,4.6,32,0.74,5,49.1,55.7
657,7,0.5,5.9,59,0.83,2,45.3,71.7
658,7,0.62,3.7,49,0.58,10,26.9,30.4
659,3,0.15,3.7,59,0.53,5,29.5,38.1
660,3,0.87,3.3,77,0.78,4,72.4,74.1
661,6,0.69,5.7,63,0.63,10,30.7,37.8
662,6,0.3,4.6,30,0.6,1,33.6,51.8
663,6,0.37,3.9,20,0.77,4,35.2,45.7
664,4,0.3,5.7,23,0.86,1,41.9,61.1
665,7,0.25,1.8,22,0.86,8,31.4,36.6
666,7,0.7,5.6,56,0.36,4,34.6,47.6
667,2,0.56,7.0,45,0.42,9,24.0,23.9
668,7,0.83,1.5,50,0.41,7,43.9,35.6
669,2,0.16,3.8,70,0.65,2,46.2,62.1
670,3,0.85,3.9,52,0.9,9,57.9,53.3
671,6,0.35,5.6,61,0.36,2,28.1,43.8
672,6,0.46,5.0,29,0.75,10,17.9,31.5
673,3,0.47,3.4,34,0.6,1,49.4,59.9
674,4,0.63,4.3,40,0.67,10,32.3,33.6
675,5,0.63,5.6,48,0.53,7,31.1,37.2
676,2,0.83,5.0,32,0.84,1,63.2,72.9
677,4,0.81,4.9,40,0.77,5,54.3,57.5
678,3,0.45,4.2,15,0.46,1,37.0,43.9
679,2,0.73,5.0,24,0.4,5,36.7,35.2
680,3,0.86,3.1,18,0.45,5,45.5,37.0
681,3,0.24,5.2,55,0.56,7,21.8,35.6
682,5,0.56,4.4,26,0.36,1,34.8,42.5
683,4,0.7,4.5,34,0.72,7,46.1,46.7
684,4,0.92,3.2,60,0.44,2,65.2,58.8
685,2,0.53,6.4,39,0.37,2,33.0,48.0
686,2,0.31,3.5,46,0.69,2,46.9,54.0
687,7,0.75,5.5,70,0.78,5,51.7,66.3
688,4,0.8,6.5,19,0.4,4,34.8,39.4
689,5,0.72,2.7,52,0.91,5,64.3,62.3
690,3,0.18,4.1,26,0.61,1,31.7,43.7
691,3,0.28,5.4,21,0.97,9,21.0,33.4
692,7,0.16,3.7,45,0.54,10,15.0,22.0
693,6,0.27,6.1,70,0.95,10,23.7,45.2
694,4,0.58,7.9,67,0.59,4,38.3,55.9
695,6,0.75,5.6,29,0.92,9,33.7,42.8
696,4,0.86,5.5,48,0.98,9,49.0,56.1
697,6,0.78,6.2,42,0.87,8,38.2,51.5
698,6,0.59,8.1,78,0.83,5,40.5,68.7
699,4,0.71,5.2,70,0.67,3,57.9,68.4
700,5,0.93,4.0,51,0.66,10,44.4,44.3
701,3,0.96,5.0,49,0.64,5,58.7,54.3
702,5,0.68,3.1,10,0.81,7,36.3,41.2
703,7,0.32,4.1,10,0.58,8,15.0,20.0
704,6,0.62,4.5,51,0.85,5,51.3,59.3
705,4,0.61,4.9,24,0.53,3,35.4,45.9
706,5,0.63,6.4,69,0.71,2,52.1,66.7
707,7,0.69,6.6,37,0.6,10,18.0,29.6
708,4,0.16,4.9,37,0.97,8,28.6,40.5
709,2,0.45,3.4,29,0.48,5,36.6,34.4
710,7,0.59,5.8,64,0.89,2,50.8,75.6
711,5,0.88,3.9,33,0.45,9,39.5,28.1
712,7,0.65,4.0,65,0.89,8,46.7,53.6
713,2,0.61,4.4,64,0.44,4,48.1,48.0
714,3,0.85,6.4,27,0.57,10,27.8,26.0
715,3,0.34,3.7,31,0.86,7,34.9,40.8
716,7,0.88,4.3,65,0.77,5,53.5,64.5
717,5,0.35,7.4,25,0.9,1,35.0,59.2
718,6,0.89,6.5,53,0.8,2,61.3,75.1
719,2,0.26,3.4,40,0.81,9,30.2,33.5
720,6,0.94,5.4,39,0.6,8,36.0,41.5
721,2,0.36,3.2,35,0.7,7,42.9,38.0
722,6,0.53,3.2,10,0.54,4,29.8,36.5
723,5,0.89,3.0,66,0.49,6,51.3,50.9
724,4,0.53,4.5,40,0.53,3,39.7,48.2
725,4,0.64,4.3,66,0.47,2,54.2,57.8
726,4,0.43,5.3,22,0.98,4,41.8,57.4
727,5,0.64,4.2,84,0.77,4,59.3,67.6
728,7,0.19,5.5,66,0.77,10,15.0,37.8
729,2,0.69,3.5,35,0.68,10,37.3,31.6
730,2,0.48,2.6,56,0.68,8,43.3,40.0
731,5,0.56,3.8,57,0.54,4,45.8,51.6
732,3,0.44,4.4,10,0.72,1,41.7,53.0
733,3,0.85,5.0,43,0.85,10,46.1,43.2
734,4,0.25,6.5,40,0.86,7,28.8,38.1
735,2,0.56,5.8,75,0.4,9,34.4,33.7
736,2,0.2,1.5,81,0.95,5,59.3,67.2
737,2,0.88,3.1,30,0.64,6,57.9,42.7
738,3,0.72,8.5,50,0.41,2,37.0,53.7
739,3,0.26,5.0,47,0.45,1,33.8,48.9
740,7,0.73,5.7,49,0.85,4,44.0,67.7
741,7,0.91,3.7,44,0.48,8,36.3,38.8
742,3,0.29,6.7,62,0.51,4,31.7,44.2
743,2,0.62,8.6,28,0.41,6,15.2,29.6
744,3,0.56,4.6,24,0.95,7,46.4,48.4
745,6,0.25,2.8,44,0.75,9,22.9,29.3
746,6,0.23,6.1,69,0.86,4,38.0,60.1
747,5,0.44,5.5,20,0.88,10,24.6,29.0
748,7,0.69,4.8,53,0.6,4,40.7,55.8
749,6,0.75,4.6,48,0.63,2,52.6,64.9
750,5,0.69,4.1,43,0.61,7,37.8,42.0
751,6,0.78,5.3,37,0.57,1,48.8,64.8
752,3,0.42,3.3,54,0.96,2,60.5,65.5
753,3,0.63,3.8,76,0.94,10,52.5,52.7
754,7,0.83,5.3,60,0.54,1,52.7,69.9
755,5,0.67,5.7,86,0.53,5,47.4,57.0
756,5,0.37,2.0,24,0.62,9,26.1,20.2
757,6,0.77,6.5,10,0.76,1,48.9,60.2
758,7,0.35,7.9,21,0.98,4,23.9,55.6
759,5,0.44,2.4,69,0.95,4,59.6,66.6
760,4,0.8,5.0,81,0.49,1,62.1,70.9
761,4,0.16,4.0,60,0.95,7,33.0,48.2
762,2,0.17,2.6,42,0.67,9,26.4,29.8
763,6,0.65,3.1,31,0.5,1,48.1,55.0
764,5,0.59,2.5,75,0.92,10,51.2,49.6
765,5,0.51,5.8,34,0.72,6,29.1,38.6
766,4,0.59,3.9,67,0.73,8,44.1,46.0
767,7,0.95,4.8,56,0.83,3,64.1,73.2
768,4,0.29,4.3,45,0.66,5,31.4,43.1
769,2,0.52,4.6,10,0.58,8,25.3,21.5
770,6,0.32,5.7,47,0.92,10,21.0,38.5
771,5,0.72,4.4,55,0.97,2,68.3,75.8
772,3,0.29,5.7,49,0.94,3,42.5,57.0
773,5,0.89,3.1,52,0.62,1,66.0,71.1
774,7,0.47,5.4,89,0.45,2,40.2,59.6
775,7,0.36,3.3,10,0.58,4,24.6,37.2
776,7,0.28,6.2,12,0.51,7,15.0,20.4
777,5,0.85,4.7,24,0.89,8,45.0,44.4
778,5,0.88,2.3,50,0.91,10,59.1,49.4
779,7,0.16,6.7,56,0.72,4,22.0,47.5
780,5,0.16,5.2,34,0.36,9,15.0,20.0
781,2,0.37,4.4,60,0.39,9,24.0,25.6
782,5,0.32,3.8,85,0.76,9,37.2,47.4
783,3,0.21,2.6,68,0.84,2,56.4,62.7
784,5,0.29,1.5,44,0.71,3,45.8,52.3
785,4,0.66,4.6,39,0.96,4,53.3,65.2
786,4,0.48,7.0,51,0.82,3,37.0,64.1
787,3,0.49,5.4,67,0.39,3,41.0,46.2
788,4,0.65,4.1,61,0.4,3,46.9,50.0
789,4,0.94,2.7,72,0.53,2,72.3,68.4
790,4,0.83,2.5,56,0.91,8,58.5,56.3
791,6,0.24,5.6,24,0.41,10,15.0,20.0
792,6,0.58,4.8,51,0.65,10,25.4,32.4
793,7,0.31,3.7,51,0.76,8,28.0,42.6
794,2,0.21,3.9,60,0.38,10,16.7,20.0
795,3,0.53,5.0,49,0.76,7,40.4,45.0
796,3,0.9,6.0,42,0.74,4,54.0,65.1
797,6,0.91,4.2,60,0.62,9,42.4,43.1
798,5,0.3,5.0,23,0.37,2,23.2,37.3
799,7,0.43,5.3,73,0.96,6,37.9,59.3
800,4,0.93,3.5,25,0.67,2,62.5,63.9
801,4,0.31,5.3,66,0.44,4,33.2,43.7
802,2,0.43,3.5,71,0.83,10,44.4,44.0
803,2,0.53,6.3,35,0.44,7,25.5,24.5
804,4,0.16,3.6,26,0.47,6,17.2,20.0
805,7,0.95,3.8,78,0.59,4,59.6,62.0
806,2,0.43,5.7,58,0.51,6,30.1,44.5
807,7,0.48,3.9,65,0.47,9,23.5,32.8
808,4,0.42,4.5,70,0.67,2,52.0,65.5
809,5,0.76,3.1,63,0.45,7,46.0,45.6
810,2,0.91,4.3,10,0.73,7,49.0,39.2
811,2,0.17,4.6,60,0.72,4,38.7,55.7
812,3,0.56,4.6,56,0.81,3,55.2,67.2
813,4,0.49,2.6,53,0.43,7,33.6,32.5
814,4,0.85,3.8,50,0.44,4,51.8,53.6
815,5,0.74,4.4,32,0.77,2,53.1,64.8
816,3,0.93,3.5,23,0.88,8,55.5,46.9
817,2,0.16,4.8,32,0.43,7,16.7,20.4
818,6,0.18,3.9,76,0.68,3,35.4,58.5
819,3,0.76,1.6,61,0.98,10,62.7,54.4
820,6,0.76,5.1,32,0.59,5,45.1,49.7
821,3,0.59,4.2,56,0.92,3,64.0,70.3
822,7,0.58,3.8,40,0.52,2,45.4,48.6
823,2,0.78,5.2,10,0.78,6,42.1,42.2
824,6,0.21,3.7,57,0.72,9,20.7,31.0
825,6,0.29,5.4,24,0.96,1,38.2,62.3
826,7,0.68,6.2,32,0.46,2,34.5,49.9
827,5,0.63,6.3,51,0.49,8,27.0,36.3
828,5,0.21,2.9,18,0.81,10,18.0,23.6
829,6,0.77,5.2,10,0.69,8,29.7,33.2
830,3,0.91,3.5,36,0.35,7,46.1,34.4
831,5,0.2,5.1,14,0.92,9,15.0,28.8
832,6,0.66,3.5,22,0.54,9,27.4,22.5
833,4,0.73,5.8,13,0.49,5,34.0,33.6
834,7,0.86,6.4,35,0.54,2,42.0,60.1
835,4,0.46,5.6,34,0.88,8,29.1,43.0
836,4,0.93,3.0,83,0.58,9,57.6,47.7
837,2,0.47,2.6,81,0.41,9,43.1,34.5
838,4,0.72,5.2,70,0.52,2,54.1,66.0
839,7,0.79,4.8,88,0.51,2,55.8,69.0
840,2,0.53,4.4,53,0.79,4,53.5,60.8
841,4,0.4,3.6,74,0.89,3,57.3,66.8
842,5,0.34,7.1,51,0.91,10,17.1,40.5
843,5,0.8,5.7,35,0.5,6,35.7,41.0
844,2,0.53,2.8,29,0.36,5,39.3,28.4
845,7,0.4,4.7,69,0.46,10,15.0,26.3
846,3,0.95,5.1,33,0.36,4,47.9,40.5
847,7,0.5,5.4,103,0.58,7,39.6,52.4
848,5,0.49,3.6,10,0.73,5,35.2,40.9
849,6,0.38,4.4,21,0.46,5,20.8,28.7
850,6,0.7,5.5,62,0.48,6,37.0,45.7
851,6,0.69,9.0,39,0.82,3,34.1,63.8
852,5,0.91,3.2,43,0.7,4,59.9,59.1
853,3,0.97,2.7,63,0.82,2,82.1,80.3
854,3,0.51,4.6,14,0.47,2,34.8,39.9
855,6,0.65,2.4,29,0.93,3,58.3,60.6
856,5,0.78,4.3,45,0.76,5,52.1,57.4
857,3,0.55,3.9,37,0.43,1,42.9,53.5
858,5,0.41,4.1,55,0.64,5,35.9,47.9
859,2,0.36,5.6,34,0.78,5,35.9,46.0
860,3,0.25,3.4,47,0.39,10,18.3,20.0
861,7,0.48,1.5,23,0.6,9,23.9,25.7
862,3,0.43,7.9,25,0.46,10,15.0,20.0
863,2,0.18,1.5,67,0.58,8,36.4,31.6
864,5,0.7,3.7,50,0.96,5,56.5,64.0
865,4,0.36,4.1,20,0.73,3,36.1,45.4
866,6,0.4,4.2,49,0.85,3,45.3,64.2
867,3,0.69,6.8,59,0.74,2,54.6,67.9
868,4,0.61,5.1,29,0.52,9,24.0,25.7
869,3,0.3,5.0,48,0.59,7,26.6,32.1
870,3,0.95,3.5,50,0.75,4,70.4,69.3
871,3,0.87,4.1,10,0.65,1,63.5,58.4
872,3,0.78,2.6,50,0.76,1,74.6,73.7
873,7,0.52,5.4,59,0.47,6,26.4,40.7
874,5,0.5,4.6,27,0.72,8,26.0,34.2
875,6,0.32,2.9,58,0.36,3,35.0,40.9
876,2,0.29,4.3,60,0.83,2,53.2,60.8
877,3,0.87,5.6,46,0.72,3,57.0,66.0
878,7,0.86,4.1,35,0.92,6,51.0,58.6
879,6,0.76,4.8,33,0.45,5,35.8,41.1
880,2,0.28,6.4,10,0.64,1,30.8,50.7
881,7,0.89,2.7,26,0.44,6,40.8,35.5
882,3,0.83,4.5,24,0.58,2,51.8,56.5
883,3,0.58,1.5,68,0.84,8,54.7,52.7
884,7,0.57,4.5,49,0.57,4,36.9,50.5
885,4,0.58,2.3,59,0.96,6,58.0,62.6
886,5,0.45,6.1,14,0.62,6,20.1,32.9
887,6,0.5,6.5,70,0.86,9,30.6,50.3
888,4,0.51,3.6,67,0.49,4,44.6,51.4
889,6,0.77,3.2,42,0.51,4,47.2,52.5
890,6,0.84,1.5,17,0.78,10,41.6,33.0
891,5,0.36,1.5,64,0.83,1,65.5,71.4
892,4,0.82,5.6,24,0.51,5,41.1,38.5
893,7,0.66,5.9,30,0.75,3,41.4,54.9
894,2,0.7,6.2,63,0.6,5,45.7,54.7
895,6,0.19,6.4,67,0.84,8,17.3,43.5
896,5,0.51,4.7,71,0.74,7,37.1,54.0
897,5,0.37,7.4,38,0.83,8,18.2,42.6
898,3,0.94,6.2,35,0.69,7,47.0,46.3
899,6,0.55,4.9,35,0.41,10,15.0,20.0
900,5,0.22,6.9,58,0.54,2,23.0,50.1
901,2,0.55,6.3,53,0.52,7,29.4,40.0
902,3,0.82,2.2,23,0.62,2,65.2,60.8
903,5,0.85,4.9,23,0.74,6,46.7,49.9
904,4,0.61,1.5,66,0.44,6,52.3,43.9
905,5,0.3,2.8,38,0.91,9,29.0,38.9
906,2,0.64,5.7,10,0.56,7,35.2,31.5
907,6,0.21,3.1,58,0.51,4,32.6,42.1
908,6,0.38,2.8,52,0.88,6,43.8,49.8
909,7,0.71,5.4,31,0.58,9,23.4,29.7
910,4,0.4,6.8,39,0.79,1,38.3,61.7
911,5,0.39,4.8,32,0.67,1,37.8,55.9
912,6,0.94,2.6,53,0.7,8,57.1,48.6
913,5,0.59,6.1,57,0.47,10,19.8,29.2
914,6,0.84,3.5,22,0.86,9,43.7,42.5
915,2,0.33,5.5,46,0.87,5,37.6,51.5
916,5,0.79,3.6,62,0.72,6,53.3,57.5
917,4,0.93,3.0,38,0.47,9,44.4,34.7
918,2,0.54,6.7,38,0.53,6,28.6,39.3
919,6,0.4,4.3,71,0.37,2,35.6,49.6
920,5,0.76,5.1,89,0.84,7,59.2,60.7
921,5,0.85,4.7,34,0.75,1,59.0,69.9
922,5,0.25,2.5,46,0.54,10,18.8,20.7
923,6,0.97,5.1,44,0.6,9,35.8,39.1
924,6,0.23,6.0,30,0.57,5,15.0,35.9
925,7,0.95,2.2,48,0.85,3,70.0,71.7
926,5,0.71,4.0,42,0.96,6,54.6,62.6
927,3,0.19,2.8,46,0.98,3,45.2,63.2
928,3,0.49,5.6,77,0.81,6,46.9,60.2
929,4,0.98,4.7,47,0.46,4,52.8,51.1
930,2,0.56,1.6,52,0.88,6,59.2,57.4
931,3,0.21,6.5,46,0.39,1,27.1,43.4
932,5,0.87,4.1,59,0.81,1,69.1,77.6
933,5,0.23,4.5,74,0.51,1,37.6,58.4
934,6,0.18,7.1,11,0.54,1,15.4,36.6
935,3,0.35,6.8,66,0.73,4,34.2,56.0
936,4,0.57,4.5,85,0.73,7,44.7,57.2
937,3,0.49,2.2,60,0.9,4,62.8,65.8
938,3,0.48,4.3,45,0.71,10,31.8,30.3
939,2,0.69,4.5,71,0.55,4,57.1,59.3
940,4,0.17,4.6,65,0.86,6,37.3,49.4
941,6,0.95,5.1,43,0.39,1,52.0,57.8
942,3,0.91,6.1,23,0.79,2,58.5,65.9
943,7,0.74,5.0,37,0.87,4,47.0,61.1
944,5,0.66,2.8,54,0.4,3,52.0,51.3
945,5,0.78,1.5,15,0.36,10,31.6,20.0
946,5,0.98,2.8,46,0.97,9,62.4,55.8
947,2,0.31,7.4,19,0.96,3,31.6,53.7
948,6,0.91,1.7,54,0.91,8,63.2,57.8
949,4,0.48,4.8,61,0.58,7,35.7,41.0
950,6,0.81,5.8,59,0.88,7,47.2,56.7
951,4,0.32,5.7,60,0.96,1,48.5,74.8
952,2,0.41,4.9,32,0.57,4,36.5,44.3
953,7,0.39,3.7,45,0.49,10,15.0,20.0
954,2,0.53,4.5,10,0.73,3,41.3,47.2
955,7,0.71,1.5,75,0.62,4,60.9,64.1
956,7,0.28,6.5,43,0.49,10,15.0,20.0
957,4,0.94,2.1,42,0.94,9,64.7,51.7
958,6,0.87,3.3,17,0.77,6,51.6,44.7
959,7,0.95,4.9,10,0.66,9,34.2,34.8
960,3,0.46,3.8,73,0.7,8,40.3,45.3
961,3,0.2,6.8,37,0.55,3,21.1,44.3
962,3,0.53,5.2,18,0.93,8,36.2,38.0
963,2,0.97,5.7,44,0.98,10,55.2,48.5
964,2,0.71,4.9,49,0.36,10,31.4,23.5
965,2,0.68,2.4,50,0.83,4,69.4,63.1
966,5,0.85,4.4,26,0.95,5,56.2,57.2
967,3,0.16,6.1,11,0.61,8,15.0,20.0
968,3,0.3,5.3,26,0.41,8,15.0,20.0
969,2,0.25,5.3,53,0.36,2,25.9,40.0
970,6,0.6,5.4,35,0.42,3,29.9,46.1
971,2,0.87,6.3,10,0.79,3,48.1,56.9
972,5,0.49,4.6,60,0.53,9,26.7,31.5
973,4,0.34,4.5,98,0.81,8,42.1,51.7
974,5,0.39,3.1,70,0.38,4,37.5,40.3
975,2,0.42,5.3,61,0.96,5,48.1,62.6
976,4,0.17,2.2,48,0.58,1,44.6,51.1
977,4,0.21,3.5,64,0.46,3,36.8,44.7
978,4,0.46,2.3,10,0.59,6,35.1,32.2
979,5,0.74,5.6,93,0.97,10,48.2,60.5
980,7,0.39,3.6,11,0.73,4,28.1,39.1
981,6,0.59,4.8,79,0.48,8,33.0,38.8
982,3,0.39,5.8,25,0.91,8,29.1,39.1
983,7,0.49,4.7,28,0.46,10,15.0,20.0
984,7,0.76,3.4,16,0.91,7,43.0,45.7
985,7,0.83,7.0,45,0.47,5,33.5,47.6
986,2,0.4,4.0,46,0.42,8,27.3,25.3
987,3,0.18,5.8,55,0.89,4,36.6,57.2
988,6,0.38,3.6,52,0.83,5,42.3,53.4
989,6,0.73,4.7,61,0.82,3,55.5,67.6
990,3,0.16,2.6,58,0.54,5,35.3,37.6
991,6,0.72,5.2,17,0.91,6,38.7,53.5
992,7,0.71,3.5,36,0.73,2,49.3,61.8
993,2,0.33,3.2,24,0.84,3,47.9,51.3
994,5,0.26,3.2,45,0.53,3,36.7,44.5
995,3,0.86,3.3,53,0.44,2,61.7,55.9
996,6,0.92,4.7,10,0.69,1,53.8,61.3
997,2,0.56,4.6,73,0.64,9,43.2,40.2
998,4,0.36,5.9,17,0.67,5,22.3,39.4
999,7,0.52,4.1,39,0.5,6,28.2,37.7
1000,2,0.62,4.8,57,0.77,3,57.9,67.2
1001,3,0.97,2.0,70,0.43,3,73.4,64.7
1002,3,0.55,3.7,63,0.85,9,45.3,47.3
1003,5,0.82,2.8,42,0.61,8,47.2,43.7
1004,7,0.94,4.2,51,0.96,8,55.6,60.5
1005,3,0.64,4.6,57,0.47,2,48.6,52.4
1006,4,0.31,1.9,15,0.58,4,35.6,35.5
1007,7,0.48,4.1,50,0.79,8,30.3,44.5
1008,2,0.35,1.8,18,0.44,6,33.3,23.9
1009,3,0.56,4.5,47,0.38,5,35.4,37.1
1010,5,0.97,2.6,19,0.47,8,41.8,33.6
1011,7,0.76,2.1,55,0.6,4,57.5,56.7
1012,7,0.73,2.6,48,0.46,10,33.7,26.6
1013,7,0.8,2.2,95,0.76,1,75.0,85.9
1014,5,0.8,5.2,51,0.92,6,54.1,65.1
1015,2,0.17,1.5,58,0.73,7,40.8,43.1
1016,4,0.39,5.4,63,0.52,8,25.3,37.8
1017,2,0.72,4.4,73,0.93,6,61.6,66.7
1018,6,0.96,6.0,38,0.7,2,55.6,66.2
1019,6,0.52,3.3,58,0.51,8,32.5,36.8
1020,2,0.91,3.8,50,0.72,1,73.6,72.6
1021,7,0.6,5.0,25,0.68,8,24.8,33.9
1022,5,0.55,7.5,32,0.91,5,33.5,56.9
1023,2,0.9,6.5,47,0.73,8,48.9,44.2
1024,6,0.66,2.5,23,0.67,3,47.7,49.9
1025,3,0.57,2.2,24,0.4,6,37.3,27.7
1026,2,0.76,5.4,51,0.97,10,48.4,48.9
1027,6,0.86,2.1,21,0.51,6,45.6,38.9
1028,7,0.72,4.9,81,0.89,10,42.3,55.1
1029,6,0.38,3.3,43,0.7,5,35.9,45.1
1030,4,0.9,4.6,33,0.44,4,47.2,47.5
1031,3,0.7,5.8,77,0.5,6,45.7,52.4
1032,6,0.84,2.8,46,0.93,10,51.2,49.1
1033,7,0.74,5.1,32,0.51,5,37.9,39.7
1034,4,0.31,5.8,21,0.87,4,30.4,45.8
1035,4,0.27,3.6,10,0.4,3,22.2,27.0
1036,3,0.48,6.6,42,0.85,10,25.7,36.1
1037,5,0.61,4.2,47,0.84,2,53.4,66.2
1038,6,0.87,4.7,38,0.41,6,39.0,38.8
1039,2,0.4,2.5,31,0.39,2,43.9,40.7
1040,5,0.23,4.2,17,0.78,4,30.6,40.8
1041,7,0.71,3.0,57,0.87,1,62.4,76.0
1042,7,0.86,2.7,15,0.94,7,50.5,49.0
1043,6,0.39,5.8,45,0.64,7,22.0,37.7
1044,3,0.16,5.1,74,0.85,4,39.7,62.5
1045,2,0.38,2.8,82,0.59,5,52.9,52.1
1046,6,0.98,3.2,39,0.7,1,64.7,71.9
1047,2,0.2,4.8,26,0.85,8,20.7,31.4
1048,2,0.21,3.6,37,0.59,9,21.9,20.0
1049,6,0.71,5.6,40,0.95,5,46.7,60.7
1050,3,0.8,4.5,52,0.9,5,60.7,64.1
1051,5,0.27,3.5,39,0.68,8,25.4,34.6
1052,6,0.51,5.0,51,0.47,6,24.6,36.7
1053,4,0.7,6.5,38,0.64,2,48.0,60.5
1054,4,0.67,2.6,45,0.58,4,55.2,48.2
1055,5,0.6,3.2,79,0.54,9,45.3,43.8
1056,3,0.38,8.4,23,0.89,10,15.0,26.0
1057,7,0.77,7.6,44,0.54,6,27.3,44.8
1058,3,0.75,3.7,59,0.55,3,59.2,55.9
1059,6,0.93,4.2,68,0.58,9,41.3,46.3
1060,6,0.5,3.3,58,0.72,9,33.7,40.1
1061,2,0.95,7.7,23,0.8,2,51.5,64.3
1062,3,0.41,3.0,60,0.73,8,38.9,39.2
1063,7,0.95,4.9,41,0.87,5,58.5,65.3
1064,7,0.37,6.1,61,0.83,7,29.9,48.3
1065,7,0.23,4.9,60,0.89,4,27.8,58.3
1066,3,0.15,4.9,59,0.73,7,28.4,39.2
1067,6,0.97,2.6,82,0.5,8,60.0,50.3
1068,2,0.73,3.8,54,0.84,1,69.4,74.4
1069,2,0.31,8.0,69,0.45,1,29.9,53.5
1070,7,0.97,4.2,48,0.94,3,66.6,76.0
1071,2,0.6,3.6,45,0.69,9,44.9,32.1
1072,5,0.31,4.6,83,0.87,6,42.4,59.9
1073,7,0.57,6.1,48,0.91,4,39.4,63.7
1074,5,0.51,2.5,33,0.44,9,25.0,20.0
1075,7,0.71,3.8,61,0.41,2,49.4,60.3
1076,3,0.76,2.5,10,0.41,4,42.8,34.1
1077,4,0.29,2.9,33,0.47,6,26.1,30.4
1078,3,0.66,3.7,47,0.74,3,59.3,62.3
1079,3,0.74,5.5,28,0.84,5,47.4,56.2
1080,7,0.17,4.9,31,0.98,1,36.6,61.2
1081,3,0.46,4.0,28,0.5,4,36.8,40.3
1082,5,0.49,8.2,67,0.83,1,40.1,78.0
1083,3,0.8,5.3,10,0.54,10,29.4,25.1
1084,5,0.49,5.3,32,0.42,3,30.3,43.0
1085,5,0.82,8.2,51,0.58,1,46.0,65.3
1086,5,0.89,7.0,65,0.96,6,54.4,67.2
1087,3,0.22,5.3,48,0.64,7,20.7,39.1
1088,4,0.67,4.9,81,0.84,8,48.2,57.0
1089,3,0.93,2.7,57,0.45,5,59.0,52.0
1090,7,0.91,4.2,33,0.89,6,51.0,58.8
1091,6,0.97,3.6,59,0.59,8,49.8,48.8
1092,7,0.6,4.1,55,0.74,4,40.3,59.2
1093,2,0.15,4.1,61,0.98,6,41.8,53.4
1094,2,0.72,6.9,40,0.92,8,43.3,52.2
1095,6,0.71,5.5,64,0.7,10,34.6,39.5
1096,7,0.38,6.6,15,0.74,6,16.7,36.5
1097,3,0.62,4.9,78,0.56,4,49.3,60.5
1098,6,0.7,6.4,52,0.92,3,51.6,73.0
1099,7,0.46,4.7,40,0.47,4,28.6,40.1
1100,2,0.37,1.5,68,0.92,2,68.9,73.3
1101,5,0.44,4.5,35,0.38,2,33.6,45.0
1102,2,0.94,3.3,39,0.63,7,59.2,44.2
1103,5,0.42,4.0,48,0.82,7,37.0,43.8
1104,7,0.8,4.4,57,0.86,6,49.0,58.5
1105,2,0.86,4.1,38,0.67,7,54.8,45.7
1106,7,0.94,4.0,50,0.79,8,48.6,52.1
1107,7,0.31,6.2,37,0.38,3,15.0,36.0
1108,7,0.43,4.9,34,0.65,10,15.9,26.0
1109,6,0.69,1.5,24,0.7,10,38.7,28.0
1110,3,0.5,2.3,53,0.36,2,50.6,45.4
1111,7,0.91,5.5,32,0.94,9,39.9,45.3
1112,3,0.53,4.8,25,0.77,8,34.8,37.7
1113,4,0.43,4.7,57,0.91,8,38.5,51.8
1114,3,0.43,3.9,10,0.4,6,27.1,21.7
1115,5,0.81,2.4,48,0.8,5,64.3,60.2
1116,6,0.4,5.6,56,0.64,1,44.1,65.5
1117,2,0.54,5.9,30,0.64,8,29.4,33.5
1118,5,0.93,2.7,41,0.79,1,72.7,74.2
1119,7,0.66,3.7,55,0.52,4,44.1,51.9
1120,2,0.89,5.1,38,0.47,7,45.4,38.7
1121,7,0.16,4.8,37,0.51,1,21.0,42.6
1122,5,0.74,2.7,40,0.85,10,44.7,40.9
1123,2,0.94,7.9,44,0.86,1,64.5,76.2
1124,4,0.56,1.5,44,0.79,3,61.0,62.5
1125,5,0.51,3.9,28,0.93,2,52.1,62.0
1126,5,0.54,4.0,55,0.43,8,30.8,33.1
1127,7,0.76,1.5,42,0.51,9,38.2,34.7
1128,3,0.66,5.3,24,0.57,7,34.5,33.7
1129,4,0.3,4.3,43,0.39,8,19.3,21.7
1130,2,0.27,3.0,27,0.73,6,37.3,37.1
1131,3,0.18,4.0,58,0.88,4,42.4,59.9
1132,5,0.91,6.0,23,0.85,8,41.4,45.3
1133,7,0.32,4.9,46,0.85,1,43.1,62.7
1134,3,0.88,2.6,55,0.98,9,59.6,56.5
1135,7,0.88,4.1,40,0.68,1,62.2,66.9
1136,6,0.71,4.0,54,0.87,7,45.4,55.1
1137,7,0.45,6.9,54,0.63,2,26.5,57.9
1138,5,0.86,4.7,10,0.64,6,38.8,44.1
1139,5,0.18,4.1,41,0.38,2,26.9,38.3
1140,7,0.16,2.8,63,0.4,8,15.3,24.5
1141,3,0.85,3.4,68,0.89,3,76.9,79.0
1142,2,0.86,3.1,75,0.8,3,77.3,75.8
1143,7,0.3,4.4,58,0.84,3,39.7,61.7
1144,4,0.78,7.2,23,0.87,3,47.9,64.8
1145,5,0.64,3.4,42,0.96,6,49.4,59.0
1146,4,0.51,4.6,37,0.37,10,20.7,20.0
1147,5,0.72,4.8,38,0.74,4,46.2,56.8
1148,6,0.81,5.2,10,0.6,7,32.2,34.4
1149,2,0.73,6.1,47,0.46,4,42.7,48.8
1150,7,0.72,1.5,48,0.78,5,54.6,57.0
1151,3,0.8,6.2,28,0.86,3,52.3,61.9
1152,4,0.57,2.2,27,0.72,7,40.3,41.7
1153,7,0.62,1.5,53,0.88,9,44.4,47.1
1154,3,0.44,2.6,45,0.69,10,35.4,28.7
1155,7,0.69,3.2,34,0.63,6,39.3,46.0
1156,5,0.82,4.1,23,0.86,5,51.4,55.7
1157,6,0.55,1.5,61,0.52,9,40.0,32.9
1158,3,0.41,5.8,39,0.43,9,16.5,22.7
1159,3,0.64,4.6,26,0.51,9,30.9,26.7
1160,7,0.85,1.5,65,0.6,3,61.9,65.3
1161,5,0.3,4.8,57,0.67,10,22.7,25.6
1162,2,0.46,3.7,10,0.91,5,41.1,44.9
1163,3,0.91,4.1,70,0.93,7,65.8,68.5
1164,7,0.48,7.2,28,0.74,5,23.0,45.2
1165,4,0.26,2.5,62,0.98,2,60.0,70.8
1166,3,0.72,3.7,72,0.84,1,72.3,82.2
1167,3,0.47,3.6,25,0.86,3,51.5,58.6
1168,6,0.76,5.1,77,0.94,9,46.5,58.9
1169,6,0.24,1.8,58,0.89,2,51.8,66.3
1170,2,0.85,3.1,80,0.95,1,88.4,88.8
1171,2,0.49,4.7,56,0.42,8,33.8,29.8
1172,4,0.93,6.2,29,0.4,3,42.0,45.1
1173,6,0.38,1.5,68,0.47,6,40.8,42.4
1174,3,0.97,3.5,16,0.7,6,55.7,47.9
1175,4,0.5,5.5,38,0.36,10,15.0,20.0
1176,7,0.83,6.4,82,0.61,4,49.8,65.3
1177,4,0.5,2.8,74,0.97,8,50.7,60.1
1178,3,0.68,6.4,44,0.38,10,23.9,20.3
1179,7,0.33,8.1,96,0.39,6,16.4,45.5
1180,4,0.58,5.7,66,0.94,9,41.9,54.2
1181,7,0.31,2.4,53,0.42,6,25.4,33.5
1182,5,0.72,4.1,16,0.76,10,35.7,33.5
1183,3,0.81,4.2,74,0.67,9,48.3,53.8
1184,5,0.36,3.7,55,0.94,3,47.7,67.8
1185,7,0.43,5.4,69,0.67,5,36.0,53.9
1186,6,0.35,5.2,35,0.84,6,28.0,42.4
1187,2,0.36,2.4,29,0.45,9,26.4,20.0
1188,6,0.22,1.5,55,0.51,6,32.4,33.6
1189,4,0.6,5.6,82,0.58,5,47.6,58.0
1190,5,0.7,4.1,32,0.97,1,63.7,73.5
1191,5,0.97,5.0,58,0.66,1,63.6,72.5
1192,2,0.68,4.4,41,0.55,5,48.0,45.9
1193,3,0.58,3.4,35,0.53,2,52.5,48.6
1194,2,0.23,6.1,59,0.39,5,25.8,34.3
1195,3,0.55,5.0,32,0.97,8,39.0,48.6
1196,4,0.23,4.1,38,0.97,4,41.6,56.8
1197,6,0.24,5.5,57,0.96,5,30.4,53.7
1198,2,0.26,5.5,57,0.43,9,20.3,20.8
1199,6,0.62,4.2,39,0.65,4,45.8,52.1
1200,2,0.16,5.4,50,0.51,7,22.9,27.1
