id,study_hours,deep_work_ratio,retention_technique_score,prior_sleep_hours,distraction_interruptions,subject_difficulty,exam_readiness_score,knowledge_retention_pct
1,4.0,0.44,2,6.8,5,9,54.6,49.3
2,5.0,0.27,2,7.2,9,9,50.5,44.2
3,3.3,0.66,1,6.8,5,7,52.2,49.0
4,4.9,0.92,3,7.9,6,6,83.8,74.3
5,5.0,0.63,4,5.3,7,10,62.6,58.2
6,3.3,0.38,1,7.8,5,5,62.3,50.8
7,5.1,0.57,3,6.2,6,5,73.9,62.0
8,2.2,0.3,2,6.2,4,8,35.2,35.8
9,3.1,0.73,1,5.9,5,6,54.8,52.2
10,4.5,0.89,5,7.7,3,8,81.8,78.4
11,3.1,0.42,5,7.2,0,7,74.8,62.8
12,3.4,0.4,2,6.5,4,1,68.3,54.7
13,5.3,0.67,4,8.4,0,9,96.2,80.7
14,6.0,0.91,1,6.4,1,5,84.3,74.9
15,4.0,0.25,3,7.6,10,9,46.2,41.7
16,2.7,0.46,5,6.5,3,3,69.9,57.1
17,4.2,0.48,1,7.0,7,5,58.3,50.5
18,5.2,0.65,1,8.1,6,2,81.0,69.3
19,5.6,0.91,2,8.1,4,7,89.2,86.2
20,3.5,0.78,2,6.7,2,6,65.7,62.7
21,4.9,0.49,5,7.5,1,1,97.3,81.1
22,5.1,0.41,1,7.3,4,4,67.1,58.0
23,2.0,0.87,5,6.6,0,7,79.5,73.5
24,4.8,0.55,4,5.1,8,1,70.2,53.8
25,5.4,0.49,1,7.6,5,8,64.2,55.8
26,4.9,0.57,1,5.0,7,9,51.2,49.3
27,4.0,0.32,2,7.0,6,4,63.5,54.4
28,1.9,0.37,1,7.9,4,8,42.6,41.0
29,3.9,0.71,4,5.1,6,1,79.7,67.2
30,3.4,0.77,1,8.2,6,9,60.6,63.1
31,5.0,0.67,2,7.3,0,10,76.8,67.2
32,6.1,0.68,4,6.2,1,6,92.3,77.5
33,4.0,0.53,3,6.2,0,2,83.7,72.7
34,4.3,0.64,1,7.7,5,5,68.3,62.3
35,5.2,0.45,4,7.3,7,10,60.0,55.5
36,3.9,0.62,5,6.5,9,3,74.1,69.5
37,4.2,0.45,2,6.4,4,5,61.2,49.9
38,4.2,0.89,1,8.0,6,5,73.3,69.7
39,6.9,0.36,4,9.3,1,1,99.0,81.1
40,6.4,0.73,2,5.0,3,10,64.4,58.8
41,5.5,0.9,1,7.3,6,4,75.6,69.8
42,3.1,0.64,4,8.8,4,4,87.1,68.6
43,5.3,0.27,3,4.9,5,4,61.7,48.1
44,6.6,0.33,1,7.5,3,8,64.1,55.2
45,4.9,0.71,4,6.4,2,5,91.6,76.5
46,5.5,0.73,5,6.9,5,5,93.6,85.9
47,4.1,0.55,3,7.5,0,2,90.6,72.0
48,5.4,0.43,4,9.5,5,9,74.8,55.5
49,4.1,0.55,3,6.3,1,2,77.5,64.9
50,3.0,0.47,4,6.2,9,9,51.2,47.1
51,6.2,0.88,5,6.4,2,1,99.0,86.3
52,5.1,0.8,5,6.3,2,8,84.5,72.5
53,5.2,0.77,1,4.3,4,10,59.1,54.4
54,6.4,0.78,3,7.1,6,1,99.0,87.0
55,2.4,0.57,5,5.8,6,8,63.6,54.8
56,4.7,0.73,1,7.1,2,9,60.9,57.9
57,4.8,0.34,4,6.7,0,10,61.8,48.3
58,6.3,0.56,5,4.9,7,8,78.5,63.7
59,3.1,0.42,3,7.1,5,4,60.0,50.2
60,4.8,0.45,3,5.8,10,2,66.4,56.9
61,3.4,0.29,4,5.4,3,1,75.3,59.2
62,5.6,0.88,5,7.2,4,10,85.5,77.6
63,2.8,0.85,4,8.5,0,10,76.1,72.6
64,3.2,0.44,4,8.0,5,7,65.1,49.6
65,7.6,0.62,4,5.5,1,2,99.0,80.9
66,3.6,0.57,1,6.9,7,8,45.7,47.1
67,2.5,0.83,3,8.3,6,9,58.2,63.2
68,5.3,0.41,1,7.3,0,1,84.6,66.9
69,5.0,0.34,1,7.1,3,5,63.8,51.6
70,3.4,0.68,1,7.1,3,5,64.6,59.2
71,3.4,0.92,4,8.5,6,10,70.5,66.5
72,2.4,0.32,3,7.9,1,2,73.6,54.8
73,5.9,0.71,1,7.3,2,7,75.7,67.7
74,3.6,0.92,4,6.7,1,9,80.4,74.3
75,4.8,0.59,4,5.7,6,6,66.6,61.2
76,2.1,0.31,4,7.0,8,10,41.2,33.1
77,3.0,0.59,3,7.0,5,10,51.4,47.2
78,3.1,0.26,2,8.5,7,8,46.2,36.9
79,2.0,0.56,1,7.3,6,4,52.7,46.9
80,5.9,0.58,5,4.9,13,9,56.7,54.7
81,4.1,0.33,2,7.8,3,3,76.1,61.3
82,6.3,0.44,5,8.3,4,5,99.0,77.5
83,3.8,0.46,5,8.0,5,1,87.6,66.9
84,3.5,0.34,4,7.1,5,5,63.2,51.6
85,4.4,0.91,4,7.3,5,8,79.3,76.9
86,5.1,0.29,2,8.0,0,2,85.1,65.3
87,4.4,0.8,2,5.5,5,8,57.9,55.6
88,6.0,0.55,5,5.9,2,2,99.0,79.7
89,4.7,0.36,2,8.6,3,7,68.1,51.7
90,4.8,0.45,2,6.8,7,8,58.5,50.7
91,4.0,0.66,2,8.9,1,3,86.7,77.8
92,2.8,0.3,2,7.4,1,10,54.4,42.8
93,3.0,0.53,3,7.2,1,2,77.8,60.8
94,2.5,0.76,5,7.0,6,10,62.2,58.5
95,4.4,0.65,2,5.0,0,5,72.6,65.2
96,5.9,0.69,4,8.2,4,7,85.6,76.9
97,5.0,0.74,3,6.2,3,9,68.3,63.7
98,4.3,0.43,1,8.1,4,9,56.2,47.8
99,5.3,0.29,5,6.1,1,8,81.9,63.2
100,3.3,0.63,3,5.4,6,2,71.7,63.4
101,4.9,0.47,1,5.4,3,2,67.5,55.4
102,4.4,0.83,4,7.8,3,5,84.7,77.3
103,2.7,0.35,2,7.2,8,3,51.1,44.1
104,3.4,0.8,4,6.0,9,5,67.0,61.1
105,3.6,0.95,4,8.4,7,8,72.2,67.8
106,5.7,0.63,4,9.0,2,4,96.0,79.0
107,4.3,0.77,4,6.7,1,3,94.0,80.5
108,4.2,0.6,5,6.8,6,8,77.9,69.7
109,5.0,0.86,2,7.1,9,5,72.7,66.1
110,6.0,0.7,3,8.3,0,7,96.7,80.7
111,5.4,0.63,5,6.2,8,5,81.4,73.7
112,4.2,0.55,1,7.1,0,2,71.9,62.7
113,4.6,0.81,3,6.8,2,4,87.9,74.6
114,3.8,0.8,2,7.7,8,7,60.0,56.7
115,4.9,0.57,3,6.7,0,8,77.5,68.7
116,3.0,0.36,4,9.5,1,5,77.3,59.3
117,4.2,0.39,4,9.1,5,7,72.5,55.6
118,3.4,0.94,3,9.1,5,7,76.6,75.6
119,3.3,0.28,5,5.3,4,5,58.5,46.8
120,3.2,0.81,2,6.0,1,3,69.3,60.8
121,3.5,0.56,5,6.2,3,5,78.4,64.9
122,5.5,0.39,5,7.7,2,9,87.5,66.6
123,4.1,0.59,3,9.1,4,2,82.3,68.4
124,4.3,0.78,2,8.1,1,7,84.1,73.5
125,2.6,0.26,5,8.5,7,5,68.2,48.9
126,2.9,0.91,1,6.4,1,10,60.6,58.5
127,5.1,0.29,4,6.6,7,7,63.1,50.5
128,4.5,0.28,4,7.6,6,9,64.7,53.0
129,3.1,0.91,4,5.4,0,7,73.8,67.2
130,2.0,0.68,3,8.0,5,8,56.2,53.6
131,1.6,0.51,3,9.4,7,2,67.4,61.8
132,3.4,0.31,2,6.1,1,1,72.1,57.4
133,6.7,0.39,5,6.9,5,4,93.0,72.2
134,4.9,0.88,1,6.5,13,3,54.4,54.6
135,6.4,0.34,3,8.4,5,6,77.0,62.7
136,4.3,0.34,4,5.2,4,8,57.3,47.7
137,2.9,0.41,5,6.3,10,9,51.5,43.1
138,6.1,0.27,4,7.7,2,2,84.8,65.1
139,4.7,0.68,1,7.2,7,10,56.8,51.2
140,3.8,0.95,5,6.6,8,7,79.6,77.0
141,5.4,0.79,2,5.7,0,7,81.1,71.1
142,5.5,0.54,1,6.6,7,5,61.6,54.9
143,4.7,0.83,1,6.8,0,6,78.8,73.0
144,2.5,0.66,5,5.5,3,7,64.4,61.2
145,4.2,0.75,3,4.8,2,10,60.7,56.0
146,4.2,0.59,1,6.2,8,2,60.9,51.2
147,5.2,0.93,5,5.0,1,1,98.8,84.9
148,2.9,0.74,1,7.7,9,5,56.7,53.4
149,4.5,0.71,1,7.6,7,1,77.0,70.7
150,5.1,0.51,4,6.4,7,6,71.8,57.3
151,4.6,0.36,5,7.2,6,8,70.2,54.8
152,2.8,0.56,3,7.3,8,6,54.2,50.0
153,3.5,0.72,1,5.9,6,1,74.4,68.6
154,4.3,0.4,2,7.1,2,2,80.9,64.8
155,4.8,0.74,5,8.0,0,6,94.9,85.7
156,5.4,0.28,1,6.6,5,6,54.2,42.0
157,3.8,0.33,1,5.9,6,10,38.1,29.6
158,4.7,0.5,4,7.5,3,10,69.9,59.5
159,5.8,0.41,2,5.7,8,9,55.4,41.6
160,4.0,0.49,2,7.1,6,4,65.0,56.6
161,4.2,0.92,4,6.6,1,10,79.4,68.6
162,5.2,0.65,5,5.7,12,6,68.6,61.8
163,3.1,0.44,1,7.3,4,8,50.8,43.5
164,4.3,0.83,1,5.1,0,2,74.1,66.5
165,2.5,0.8,1,7.3,0,4,72.0,65.2
166,5.6,0.36,1,5.1,6,6,55.9,46.2
167,4.0,0.75,4,6.8,0,6,83.7,72.2
168,5.0,0.54,3,6.8,4,6,74.8,63.6
169,3.7,0.76,5,6.2,6,10,64.2,57.3
170,1.5,0.47,4,8.2,8,2,62.5,55.4
171,4.9,0.72,5,5.1,8,9,69.7,61.7
172,5.2,0.38,2,6.0,9,4,59.3,50.5
173,6.6,0.32,5,8.0,8,1,86.7,64.4
174,1.8,0.68,5,6.5,6,10,56.6,51.8
175,2.9,0.72,2,7.4,9,8,49.7,49.4
176,5.2,0.93,4,7.6,3,10,87.3,79.4
177,3.9,0.62,2,8.1,7,3,64.2,57.9
178,3.9,0.59,3,6.5,4,9,63.2,54.4
179,4.3,0.88,2,6.1,5,4,71.5,69.8
180,1.5,0.9,4,8.2,6,4,71.5,68.7
181,4.4,0.32,3,8.0,5,5,67.7,56.2
182,3.4,0.83,4,6.9,5,2,85.2,76.4
183,6.2,0.68,4,9.1,6,5,94.9,81.4
184,4.9,0.7,5,6.5,5,8,77.9,68.3
185,3.2,0.35,4,6.9,7,10,50.9,39.4
186,5.2,0.31,3,8.2,6,9,64.8,48.7
187,7.0,0.28,4,7.3,7,1,88.9,67.2
188,4.6,0.42,1,7.2,0,6,70.3,59.3
189,3.1,0.83,4,8.3,8,3,77.8,71.4
190,3.7,0.79,4,7.7,5,4,84.2,73.3
191,3.7,0.82,4,8.0,4,4,91.1,79.1
192,6.9,0.28,3,6.7,10,7,68.7,51.1
193,5.3,0.93,4,6.3,3,9,78.8,73.7
194,4.8,0.55,4,5.4,1,9,71.2,62.0
195,3.6,0.56,4,7.8,6,8,69.7,64.9
196,4.9,0.5,4,6.5,13,1,74.2,63.6
197,2.6,0.73,1,8.5,7,8,55.6,54.4
198,4.3,0.79,3,5.3,10,1,65.9,59.6
199,5.5,0.78,5,6.7,6,6,88.8,76.6
200,3.3,0.33,2,5.9,5,9,48.9,43.7
201,3.9,0.68,4,6.3,5,2,82.0,65.9
202,5.1,0.56,1,8.1,0,6,73.9,59.5
203,3.1,0.46,2,6.7,3,3,57.2,50.0
204,2.6,0.33,2,7.2,2,8,56.8,46.9
205,2.5,0.64,5,8.5,5,7,72.2,67.3
206,4.2,0.62,4,7.2,3,6,76.1,63.5
207,3.7,0.86,5,6.1,3,3,86.8,72.9
208,5.5,0.29,1,6.1,4,3,63.1,53.5
209,2.3,0.88,1,9.2,4,9,64.1,61.9
210,6.1,0.68,1,6.3,4,10,66.0,62.8
211,3.8,0.84,5,5.5,10,2,77.9,74.8
212,4.8,0.65,2,7.1,1,1,82.2,70.6
213,3.3,0.59,4,9.5,4,1,90.5,76.6
214,5.4,0.58,3,6.3,3,6,75.8,59.7
215,4.9,0.51,5,6.9,6,2,87.9,71.5
216,5.3,0.32,3,9.1,2,7,79.0,66.7
217,4.9,0.65,3,7.8,5,9,72.3,58.6
218,4.8,0.6,1,8.2,3,4,75.8,67.3
219,5.8,0.87,4,7.4,4,2,99.0,82.0
220,5.4,0.76,4,6.3,7,10,66.3,60.7
221,3.9,0.57,5,8.1,3,10,85.2,76.0
222,6.8,0.53,3,6.0,3,3,89.3,75.9
223,3.8,0.35,3,7.0,6,3,62.3,48.2
224,3.2,0.48,5,6.5,7,10,56.7,47.2
225,2.8,0.62,5,8.8,3,6,87.0,72.7
226,4.8,0.54,3,7.5,0,1,90.0,72.7
227,2.1,0.65,2,4.6,4,3,50.9,44.7
228,3.9,0.79,4,8.0,8,1,79.9,70.0
229,4.7,0.54,4,8.1,3,10,70.5,64.6
230,2.8,0.77,1,6.6,1,9,54.1,56.6
231,3.0,0.37,5,6.8,3,5,74.8,58.5
232,3.6,0.42,5,6.2,11,5,60.7,47.0
233,3.6,0.59,5,5.8,9,5,63.5,55.5
234,6.0,0.63,4,8.1,0,3,99.0,83.9
235,3.9,0.56,3,6.0,4,9,56.8,50.5
236,6.0,0.44,1,5.9,2,4,79.5,66.2
237,4.4,0.32,3,7.8,4,3,73.3,60.9
238,4.3,0.9,4,5.7,0,8,79.3,73.7
239,5.4,0.7,1,6.8,3,1,80.2,71.5
240,3.7,0.87,2,7.3,4,7,69.4,64.4
241,4.2,0.45,1,4.8,8,2,53.3,48.3
242,3.7,0.57,5,4.7,4,3,78.2,63.9
243,4.4,0.36,4,7.5,2,1,82.6,64.6
244,1.7,0.65,2,8.0,10,7,47.0,43.2
245,6.0,0.38,2,7.8,0,1,92.6,72.3
246,5.2,0.78,3,6.4,9,1,79.6,73.7
247,4.4,0.58,2,8.6,2,5,80.4,66.6
248,2.3,0.91,3,6.4,3,3,70.4,67.9
249,5.6,0.74,4,6.9,5,4,81.8,72.3
250,2.1,0.67,1,5.7,4,6,52.6,51.7
251,5.8,0.6,5,7.5,3,9,85.1,68.0
252,5.0,0.75,4,8.1,6,1,89.5,78.5
253,3.7,0.57,3,7.1,4,1,75.2,64.0
254,2.4,0.28,3,6.6,1,1,70.6,54.6
255,4.5,0.54,2,6.9,5,7,53.0,44.2
256,6.3,0.56,4,5.8,8,9,73.0,66.0
257,7.4,0.53,2,9.3,4,1,97.1,78.8
258,0.8,0.57,5,6.0,6,4,59.3,55.2
259,3.7,0.76,1,9.5,9,10,54.7,54.0
260,1.3,0.26,2,8.3,6,8,36.0,28.2
261,6.4,0.53,2,7.5,0,1,94.4,81.7
262,7.6,0.41,5,6.4,8,6,85.1,72.9
263,5.9,0.54,3,6.9,11,3,75.2,61.6
264,3.1,0.6,3,8.5,3,9,64.2,59.3
265,5.0,0.78,4,7.9,5,3,93.6,83.0
266,1.3,0.64,4,6.4,4,4,63.6,59.6
267,5.5,0.51,5,7.6,4,5,86.7,68.4
268,5.5,0.28,1,7.7,9,9,49.3,41.8
269,5.2,0.89,2,6.5,12,2,67.2,64.8
270,1.9,0.89,5,6.7,2,4,75.7,69.4
271,2.9,0.5,3,7.9,1,8,71.9,66.1
272,6.5,0.58,3,7.9,3,7,91.9,77.3
273,4.2,0.64,5,6.8,2,3,88.5,75.3
274,5.2,0.65,2,5.4,5,6,65.7,63.6
275,6.2,0.59,2,6.7,4,3,78.9,66.5
276,2.6,0.89,5,9.5,4,9,86.5,79.4
277,6.2,0.79,4,6.4,7,2,95.1,82.3
278,4.0,0.6,3,8.5,6,10,67.3,57.2
279,5.9,0.54,1,7.1,2,5,75.2,68.0
280,4.5,0.72,2,7.4,5,3,76.9,71.7
281,4.2,0.81,1,8.0,2,10,67.7,63.8
282,6.4,0.46,1,5.8,0,1,87.2,71.6
283,3.8,0.26,2,6.9,10,6,49.3,35.2
284,3.1,0.32,5,7.7,3,10,62.8,50.5
285,7.0,0.88,5,8.1,3,6,99.0,88.6
286,4.3,0.35,4,7.8,3,10,67.0,58.6
287,1.9,0.48,2,8.5,6,2,56.5,42.4
288,4.2,0.29,4,7.0,6,10,57.9,40.2
289,2.3,0.27,3,8.1,5,4,56.2,41.1
290,6.8,0.55,5,6.8,3,10,84.6,72.0
291,5.2,0.52,2,7.4,4,2,76.7,69.1
292,6.0,0.56,3,7.4,5,7,72.8,63.2
293,3.9,0.5,1,7.1,0,7,60.3,54.8
294,4.3,0.8,5,9.5,0,10,86.6,76.1
295,4.7,0.44,2,7.8,7,7,62.2,51.0
296,6.5,0.5,2,6.8,1,10,73.3,62.4
297,3.1,0.48,5,9.5,0,8,87.6,68.6
298,6.4,0.85,5,7.6,6,4,97.4,85.4
299,3.2,0.76,4,7.6,10,6,63.9,56.7
300,6.0,0.53,1,7.7,4,9,68.4,62.3
301,6.4,0.91,2,7.3,2,2,99.0,89.4
302,1.9,0.54,4,7.6,6,5,59.8,49.3
303,4.3,0.94,4,6.6,1,7,83.5,73.0
304,3.5,0.5,5,5.0,1,2,82.3,64.0
305,3.0,0.28,4,8.3,7,7,58.4,47.4
306,4.6,0.41,5,5.4,3,4,75.6,62.0
307,4.5,0.6,3,5.5,8,5,62.7,50.4
308,6.0,0.33,2,6.4,7,4,63.7,50.9
309,6.0,0.57,1,8.0,3,2,90.3,76.9
310,4.4,0.33,2,8.6,2,9,65.1,53.5
311,0.9,0.41,4,6.0,3,7,49.2,39.4
312,5.6,0.87,4,6.1,3,4,93.6,86.9
313,4.4,0.32,5,6.6,6,8,68.8,57.4
314,5.6,0.59,3,5.8,2,10,72.0,63.7
315,3.4,0.72,3,7.2,8,3,67.1,60.7
316,5.2,0.33,3,6.5,1,7,68.3,52.5
317,2.8,0.63,2,7.6,1,3,72.3,65.1
318,6.7,0.68,3,8.2,3,4,99.0,77.0
319,2.6,0.73,4,7.0,4,3,72.8,66.1
320,4.4,0.78,3,7.8,5,5,80.9,74.6
321,4.1,0.63,1,5.1,2,9,52.3,50.3
322,3.0,0.83,1,7.1,1,4,72.5,67.3
323,5.3,0.46,1,5.4,2,2,72.7,52.7
324,5.9,0.79,2,7.4,9,6,75.0,65.7
325,2.5,0.8,2,7.7,6,9,50.3,50.6
326,5.9,0.48,3,6.8,7,9,70.3,58.5
327,7.2,0.8,1,8.6,11,3,80.6,72.0
328,3.5,0.35,3,7.9,0,7,65.4,53.0
329,4.0,0.57,1,8.1,0,6,74.5,60.8
330,4.7,0.66,1,6.9,1,6,74.8,62.0
331,1.3,0.83,4,8.7,4,6,77.6,69.7
332,4.0,0.85,3,8.5,1,1,99.0,88.9
333,3.5,0.85,4,7.1,0,7,85.8,78.2
334,6.2,0.34,3,8.4,10,5,74.4,60.2
335,6.0,0.7,1,7.8,2,4,85.9,73.1
336,4.5,0.32,2,6.4,5,4,58.7,47.2
337,5.5,0.33,4,7.1,3,4,79.0,58.9
338,5.7,0.32,3,6.4,6,7,66.0,48.5
339,7.2,0.35,5,9.5,1,3,99.0,72.6
340,5.0,0.69,2,8.3,2,8,77.3,67.1
341,6.1,0.66,4,8.1,3,3,99.0,82.6
342,6.2,0.42,5,5.8,2,1,99.0,74.7
343,3.7,0.61,4,8.3,4,4,82.7,68.9
344,4.2,0.6,5,9.1,7,1,99.0,80.8
345,6.1,0.65,3,8.6,3,8,84.2,76.1
346,3.5,0.26,1,7.8,5,1,65.6,50.3
347,3.7,0.79,4,8.7,4,9,75.0,66.9
348,4.0,0.31,1,6.3,4,3,55.4,44.4
349,2.4,0.73,1,5.4,3,4,60.0,57.6
350,4.4,0.55,4,6.7,4,3,84.9,73.1
351,3.9,0.92,5,6.4,0,5,92.3,83.7
352,4.8,0.8,3,6.9,3,1,88.8,80.4
353,3.1,0.93,1,6.9,1,1,79.4,70.9
354,4.2,0.51,3,7.3,0,2,86.3,73.6
355,6.9,0.42,4,7.6,0,3,99.0,82.2
356,3.0,0.64,4,7.1,7,6,65.0,59.3
357,3.0,0.88,2,7.9,5,1,82.3,76.1
358,4.0,0.58,3,7.1,2,2,81.6,68.6
359,4.8,0.46,5,8.3,5,8,81.7,70.7
360,4.2,0.76,5,7.1,2,1,98.8,84.1
361,2.3,0.74,1,6.6,5,7,50.1,52.2
362,2.4,0.32,5,8.1,4,1,80.6,62.6
363,4.1,0.41,5,7.3,0,8,83.3,67.5
364,4.1,0.32,2,6.3,2,10,49.5,39.9
365,5.2,0.43,3,6.8,7,6,65.0,53.3
366,5.2,0.3,2,8.2,8,2,71.5,57.3
367,2.8,0.63,2,7.2,1,2,75.6,69.3
368,5.6,0.46,5,9.0,6,6,90.4,75.6
369,5.6,0.28,3,6.8,4,1,91.9,74.6
370,3.4,0.64,5,7.0,8,3,76.9,67.2
371,4.4,0.39,4,6.2,2,2,85.1,65.7
372,3.7,0.82,1,7.7,4,8,63.0,59.5
373,5.7,0.34,4,5.4,11,7,60.4,50.2
374,2.9,0.27,4,7.4,6,3,65.0,53.6
375,5.3,0.68,3,8.2,0,8,85.5,75.3
376,4.6,0.35,2,5.8,0,4,66.5,50.3
377,5.4,0.8,3,4.0,0,6,80.2,74.7
378,3.3,0.52,2,8.5,5,1,78.5,62.7
379,8.2,0.62,5,8.2,13,2,97.4,80.6
380,5.2,0.62,1,7.2,0,10,70.8,58.3
381,2.6,0.84,2,8.7,5,6,70.3,66.5
382,4.0,0.74,5,5.7,3,4,87.3,72.0
383,5.9,0.37,1,6.7,6,4,66.9,57.1
384,4.4,0.48,5,7.2,6,3,87.8,68.7
385,4.1,0.66,2,7.2,5,6,59.6,57.3
386,3.9,0.91,4,6.1,3,6,81.2,76.1
387,6.6,0.92,3,6.4,8,10,81.3,75.7
388,3.2,0.66,2,5.7,8,5,57.4,56.3
389,7.4,0.52,5,6.2,8,10,77.8,65.4
390,6.0,0.91,2,6.8,6,6,80.7,74.5
391,4.7,0.75,3,6.7,2,4,84.8,73.5
392,3.0,0.8,1,8.1,5,7,67.1,62.0
393,2.8,0.63,1,7.0,7,10,36.3,35.8
394,2.5,0.36,1,7.1,4,1,55.2,51.4
395,5.0,0.51,1,7.3,0,2,78.7,61.5
396,7.7,0.88,1,5.5,6,10,71.3,66.6
397,5.0,0.38,5,7.4,4,5,77.3,60.6
398,3.2,0.32,4,5.1,2,3,68.4,54.4
399,6.4,0.69,4,8.1,5,3,97.8,77.8
400,1.3,0.58,1,6.6,7,8,37.9,36.9
401,3.3,0.51,4,6.2,2,5,74.9,60.8
402,4.6,0.84,5,8.7,6,2,99.0,87.3
403,0.8,0.66,5,6.2,7,9,50.8,46.1
404,5.0,0.86,4,6.3,4,5,92.0,84.2
405,3.8,0.88,5,5.7,3,2,85.9,80.3
406,3.7,0.91,2,9.0,4,3,84.9,77.9
407,3.8,0.83,2,6.3,6,2,69.8,68.2
408,5.1,0.64,3,4.6,4,1,80.6,65.8
409,2.8,0.54,2,6.8,1,2,69.3,62.2
410,3.4,0.32,3,8.5,0,7,70.3,59.2
411,2.8,0.37,4,6.5,7,7,58.0,53.1
412,4.9,0.48,2,8.2,6,5,70.5,58.6
413,4.7,0.45,4,6.1,7,4,66.7,60.2
414,7.0,0.56,3,6.9,8,2,86.6,73.4
415,5.2,0.78,3,5.4,6,3,74.1,71.1
416,5.1,0.53,5,7.2,4,4,89.8,72.3
417,4.5,0.29,3,7.1,4,8,59.3,43.8
418,4.1,0.34,1,7.1,8,8,47.9,44.9
419,3.1,0.36,3,6.5,4,5,55.3,46.7
420,4.3,0.85,2,8.0,1,4,85.0,79.0
421,6.6,0.79,1,7.2,3,3,87.8,77.0
422,4.1,0.43,3,6.6,0,5,71.9,60.0
423,3.6,0.58,5,7.7,6,2,80.5,77.6
424,4.4,0.93,3,5.6,3,5,78.4,74.6
425,8.0,0.7,3,8.3,4,5,99.0,84.4
426,5.8,0.42,1,7.7,0,10,65.0,55.1
427,4.4,0.6,3,7.2,4,7,74.4,63.8
428,2.4,0.95,2,6.0,8,9,45.7,48.8
429,5.4,0.46,2,6.6,8,3,61.6,51.6
430,5.7,0.77,5,7.1,3,6,92.4,78.6
431,4.7,0.54,3,9.2,2,8,82.2,70.0
432,2.9,0.86,5,5.7,2,8,77.5,69.6
433,5.1,0.46,1,6.2,6,4,60.3,47.4
434,7.7,0.87,4,8.4,9,3,99.0,83.9
435,3.6,0.69,1,6.5,3,3,68.2,60.2
436,3.8,0.8,1,7.8,7,7,52.1,56.2
437,3.9,0.39,3,7.2,11,9,44.4,40.3
438,6.2,0.69,2,7.3,11,5,71.9,65.9
439,3.5,0.83,3,6.6,8,9,56.6,54.4
440,3.5,0.87,2,5.7,10,6,54.0,53.7
441,6.3,0.26,2,5.9,4,1,75.2,56.6
442,3.7,0.51,1,5.9,8,9,37.2,33.9
443,4.8,0.84,1,7.2,3,7,67.5,65.4
444,4.9,0.74,2,6.5,1,5,77.8,69.8
445,2.3,0.74,4,6.8,5,10,56.6,55.3
446,4.7,0.32,2,5.5,1,9,60.6,48.4
447,3.5,0.63,2,7.3,3,4,66.9,63.2
448,4.2,0.88,5,6.7,3,2,95.8,83.7
449,3.7,0.7,4,4.6,7,8,57.8,58.8
450,5.0,0.86,3,5.9,8,7,68.1,63.8
451,4.2,0.85,2,6.7,1,10,74.7,68.8
452,6.5,0.51,3,7.5,7,8,72.6,63.5
453,5.7,0.7,2,5.4,8,1,78.3,73.6
454,3.9,0.32,5,5.6,5,8,63.4,53.0
455,4.0,0.73,2,7.2,1,7,72.8,64.7
456,4.4,0.71,1,6.5,0,10,62.4,56.1
457,6.9,0.61,5,6.4,8,4,92.4,73.2
458,4.4,0.7,2,7.7,1,10,73.9,66.9
459,5.7,0.85,2,8.8,8,4,84.5,75.2
460,5.2,0.6,5,6.3,2,4,94.2,79.2
461,3.7,0.6,3,6.8,7,1,75.8,67.1
462,5.1,0.64,1,7.9,0,10,64.6,54.0
463,2.3,0.57,3,6.4,4,4,63.8,57.3
464,3.2,0.79,5,5.4,5,8,72.5,69.3
465,4.4,0.83,3,8.0,2,2,91.4,82.0
466,4.4,0.35,4,8.2,7,4,78.8,65.5
467,4.8,0.38,3,9.0,7,10,64.3,56.4
468,6.3,0.57,5,7.6,4,8,93.8,77.2
469,2.8,0.66,5,6.6,6,10,53.4,52.7
470,6.5,0.32,5,6.2,3,7,78.9,63.3
471,3.8,0.53,3,6.2,8,3,63.4,57.2
472,5.7,0.87,5,6.5,9,6,81.3,68.6
473,3.6,0.69,3,6.5,2,3,71.0,67.1
474,4.0,0.92,5,5.5,3,2,91.8,79.5
475,1.3,0.75,5,5.7,3,1,83.1,72.6
476,4.2,0.35,1,7.6,9,3,61.1,49.4
477,4.5,0.8,2,7.3,5,8,66.7,66.7
478,5.9,0.77,2,6.9,1,4,82.3,72.7
479,3.5,0.28,4,5.4,0,6,72.7,57.3
480,4.1,0.77,2,5.6,1,8,70.3,59.8
481,3.6,0.78,5,5.5,4,4,78.1,69.8
482,5.0,0.73,2,8.7,3,2,86.6,77.1
483,3.5,0.66,3,6.8,8,3,67.4,65.9
484,5.0,0.67,5,7.5,2,10,81.3,70.0
485,3.8,0.92,5,5.7,8,7,73.4,67.3
486,3.8,0.49,2,6.5,2,5,67.4,61.1
487,0.8,0.83,1,6.3,7,4,48.2,53.2
488,3.1,0.68,1,6.6,2,2,65.6,61.6
489,3.6,0.83,3,9.4,1,8,81.6,78.9
490,5.0,0.38,5,7.4,5,9,67.8,54.3
491,4.7,0.4,4,8.5,6,7,70.9,54.0
492,1.6,0.77,2,8.7,5,1,72.0,66.2
493,4.7,0.65,2,5.6,7,8,54.4,49.3
494,3.1,0.26,1,5.5,4,10,41.1,35.6
495,6.8,0.5,5,7.6,9,5,90.3,71.6
496,3.5,0.9,4,5.7,7,8,66.2,65.8
497,4.1,0.84,3,5.0,6,6,65.4,62.9
498,4.1,0.86,2,7.1,5,10,58.5,60.1
499,5.0,0.77,3,7.4,6,9,77.8,70.9
500,4.9,0.68,3,7.2,6,10,69.3,58.2
501,8.3,0.57,5,5.5,9,5,91.4,78.7
502,5.5,0.59,3,6.0,8,4,75.4,66.6
503,5.2,0.57,5,6.4,2,3,88.1,70.9
504,3.7,0.47,4,7.5,7,4,69.4,54.5
505,4.0,0.73,3,8.0,7,6,68.1,62.7
506,2.6,0.33,5,7.8,6,3,72.9,56.6
507,4.0,0.76,1,5.5,7,10,42.0,40.8
508,3.1,0.4,1,5.7,3,9,37.4,34.9
509,3.5,0.79,3,7.6,7,2,79.7,69.2
510,5.2,0.71,5,6.3,0,3,96.9,82.6
511,6.1,0.93,4,6.5,5,8,84.8,78.2
512,5.3,0.41,2,5.1,4,7,56.2,48.1
513,8.0,0.48,5,7.9,3,5,99.0,76.0
514,3.3,0.51,4,5.9,8,2,63.3,54.3
515,5.6,0.5,3,6.3,1,10,71.3,65.1
516,4.3,0.56,2,8.4,7,4,70.8,61.9
517,2.1,0.71,4,5.8,6,8,50.3,48.1
518,2.8,0.66,4,7.3,5,10,58.9,53.7
519,1.3,0.35,2,6.8,4,7,45.5,36.2
520,3.1,0.26,3,7.7,4,10,58.8,46.1
521,5.5,0.67,5,8.8,5,9,84.1,71.9
522,6.4,0.49,4,6.7,4,7,80.3,66.8
523,5.0,0.6,4,9.1,6,3,85.0,68.1
524,4.5,0.28,5,6.5,4,8,64.8,46.4
525,4.1,0.91,4,7.0,2,1,95.6,84.3
526,2.8,0.91,4,7.3,2,10,73.9,64.8
527,5.2,0.55,3,5.8,2,2,83.8,68.6
528,7.0,0.54,2,8.8,5,1,92.8,75.2
529,6.2,0.73,3,7.1,3,7,85.3,73.2
530,3.3,0.85,4,5.6,3,7,71.8,64.7
531,4.5,0.51,5,5.8,0,10,75.7,61.0
532,6.0,0.77,1,7.0,1,3,90.3,80.4
533,4.8,0.68,1,5.1,9,1,70.1,64.2
534,1.7,0.58,5,6.6,5,4,64.5,59.2
535,3.7,0.53,5,4.5,3,1,89.1,77.3
536,3.3,0.7,4,9.1,5,9,71.6,64.8
537,2.8,0.41,2,6.2,3,1,62.0,52.7
538,4.1,0.44,4,6.3,7,10,55.7,48.2
539,3.3,0.63,5,4.6,7,5,63.5,58.0
540,7.8,0.57,4,6.2,3,7,86.4,71.8
541,2.9,0.33,5,7.0,10,10,46.3,39.0
542,5.7,0.51,4,7.2,0,8,82.0,62.8
543,5.2,0.43,4,6.0,0,4,76.9,63.2
544,2.8,0.5,5,9.1,5,4,79.0,67.8
545,4.2,0.64,2,6.0,2,10,60.0,54.1
546,7.6,0.73,2,6.3,5,4,89.0,75.7
547,4.5,0.68,2,7.8,5,2,77.4,66.1
548,2.4,0.68,5,9.1,3,6,78.1,66.3
549,7.2,0.86,4,6.8,7,9,90.0,79.9
550,5.2,0.65,1,5.9,4,9,61.8,56.7
551,5.7,0.57,1,5.5,3,1,73.1,64.3
552,4.3,0.66,3,5.6,9,3,63.3,57.0
553,2.3,0.51,4,7.3,2,6,70.0,57.5
554,5.3,0.57,5,8.0,7,4,89.4,70.3
555,4.8,0.85,2,5.7,9,3,75.4,69.4
556,4.2,0.55,2,9.1,4,9,63.0,54.6
557,3.1,0.85,1,7.1,1,1,81.3,74.3
558,5.2,0.84,1,6.1,5,6,65.1,64.8
559,4.7,0.54,3,6.1,10,4,56.3,47.0
560,3.3,0.63,3,6.0,8,8,53.1,47.1
561,5.9,0.57,2,7.7,7,6,68.0,56.0
562,5.1,0.53,1,7.9,6,6,63.4,56.9
563,4.0,0.44,4,8.6,6,10,56.1,45.4
564,4.0,0.37,1,7.6,6,5,61.5,49.0
565,4.9,0.32,1,7.3,8,1,62.3,52.5
566,4.4,0.79,1,8.2,7,2,70.1,60.6
567,3.8,0.45,2,7.8,8,1,72.0,61.7
568,4.5,0.89,4,4.8,6,5,73.2,68.6
569,5.9,0.66,4,6.6,2,10,76.1,63.2
570,5.0,0.62,3,6.2,5,2,76.7,66.9
571,4.1,0.25,2,7.9,3,1,76.9,57.7
572,2.7,0.78,3,8.2,5,5,66.3,59.5
573,3.3,0.87,4,6.8,3,7,77.2,72.3
574,3.3,0.31,2,5.0,4,10,42.7,32.5
575,3.7,0.82,4,8.8,5,3,89.4,78.1
576,6.1,0.68,3,6.6,1,6,88.0,75.3
577,3.3,0.32,3,6.8,7,1,67.4,53.7
578,5.0,0.6,3,5.3,7,8,64.2,56.9
579,4.5,0.84,2,6.0,9,2,71.8,65.5
580,4.0,0.88,3,7.8,0,2,99.0,86.3
581,1.4,0.42,1,9.0,6,2,60.2,43.5
582,3.7,0.58,3,7.6,4,1,80.4,64.7
583,5.4,0.46,3,7.9,9,4,67.8,58.5
584,4.0,0.55,1,7.4,7,2,62.2,55.7
585,6.0,0.73,5,6.7,7,4,95.2,81.8
586,4.7,0.68,1,8.5,6,9,61.9,55.7
587,4.6,0.8,3,9.5,6,4,82.7,76.3
588,4.4,0.76,3,8.0,2,8,74.2,66.0
589,2.4,0.63,3,7.1,4,10,51.6,51.5
590,3.3,0.3,2,5.1,6,9,39.3,33.6
591,3.3,0.38,1,6.2,2,10,43.0,38.0
592,6.4,0.71,5,7.3,3,8,92.8,77.7
593,3.9,0.48,1,8.1,3,3,69.4,58.5
594,4.5,0.32,2,8.2,7,7,56.0,43.0
595,3.9,0.51,5,6.2,4,4,77.7,61.4
596,1.5,0.83,4,7.1,3,9,62.2,54.9
597,5.3,0.29,5,5.2,4,2,82.7,64.2
598,3.7,0.4,5,8.4,7,9,64.2,54.0
599,3.2,0.91,5,5.8,4,2,82.7,76.4
600,2.4,0.72,4,7.5,3,3,74.7,65.8
601,3.3,0.67,3,5.9,8,6,54.7,53.1
602,3.0,0.69,3,5.9,2,4,68.0,63.6
603,4.2,0.57,4,6.0,5,5,72.1,59.4
604,3.2,0.95,3,9.5,5,4,84.5,77.7
605,5.1,0.44,5,5.5,1,10,73.2,60.4
606,4.5,0.5,2,6.8,11,4,57.6,54.9
607,5.4,0.89,1,7.6,4,3,76.9,66.3
608,4.4,0.74,1,6.2,3,10,52.6,54.6
609,5.3,0.87,4,6.5,0,4,99.0,86.6
610,1.5,0.9,4,8.3,6,6,66.8,64.4
611,3.2,0.29,4,7.0,9,10,45.2,35.7
612,4.2,0.45,4,7.6,7,8,63.7,53.2
613,3.7,0.6,2,7.3,5,4,63.4,52.8
614,4.4,0.39,5,8.3,4,4,90.4,73.0
615,2.8,0.31,4,9.2,2,6,74.1,56.0
616,5.9,0.79,2,8.5,4,8,77.6,68.2
617,5.1,0.73,2,6.6,5,2,72.7,65.4
618,3.2,0.68,2,8.4,0,1,81.9,74.7
619,3.7,0.48,5,8.2,5,5,83.3,64.6
620,3.6,0.94,1,5.3,9,9,47.8,52.7
621,3.7,0.68,1,8.9,0,2,84.8,71.4
622,4.9,0.85,3,7.1,4,7,78.9,74.7
623,4.8,0.47,5,6.9,3,9,75.1,65.1
624,3.8,0.75,1,7.0,8,6,50.4,50.5
625,6.3,0.5,3,7.2,5,9,82.0,67.3
626,4.7,0.43,4,8.6,1,1,99.0,75.8
627,4.4,0.52,2,8.0,7,10,57.1,53.0
628,2.7,0.54,5,8.7,11,10,53.4,50.9
629,4.4,0.63,2,7.6,6,9,58.1,55.5
630,3.4,0.89,2,6.2,1,3,76.2,74.0
631,4.9,0.47,2,6.8,4,7,58.8,52.6
632,3.9,0.77,3,7.4,6,3,79.7,75.1
633,3.4,0.65,2,6.4,3,1,72.5,61.3
634,5.9,0.58,5,7.7,2,6,95.8,80.9
635,3.4,0.41,4,7.1,5,5,67.3,57.0
636,3.9,0.72,2,7.0,3,8,68.0,59.8
637,3.5,0.42,4,8.1,5,7,62.9,52.0
638,2.8,0.91,5,5.9,2,1,86.5,78.4
639,4.4,0.95,5,6.7,0,1,99.0,85.5
640,3.6,0.69,1,7.4,8,5,57.6,52.1
641,4.8,0.89,5,7.8,7,8,80.4,76.6
642,5.1,0.38,5,8.6,3,3,90.8,72.5
643,5.7,0.88,2,7.2,5,6,78.4,70.5
644,1.3,0.81,1,8.4,7,6,55.5,57.1
645,3.6,0.68,2,4.0,2,3,67.9,63.9
646,3.3,0.71,2,7.3,6,1,69.6,64.0
647,4.4,0.69,1,5.8,11,1,53.9,50.2
648,3.5,0.57,4,6.9,4,8,67.2,61.8
649,2.8,0.31,5,7.2,11,5,56.9,43.7
650,3.0,0.83,1,7.1,5,6,66.2,64.1
651,2.9,0.46,1,5.2,7,3,48.5,44.2
652,5.2,0.71,5,5.7,3,8,81.2,68.7
653,6.5,0.48,4,7.4,7,9,69.2,60.6
654,4.8,0.34,3,6.5,7,4,64.1,48.4
655,6.0,0.69,1,8.1,0,5,86.8,70.2
656,5.4,0.43,5,8.0,4,3,89.1,69.0
657,4.0,0.82,5,5.7,5,4,85.1,76.5
658,4.2,0.69,1,6.9,2,10,62.6,57.6
659,3.3,0.7,1,8.2,2,5,65.1,60.1
660,3.0,0.6,3,7.1,3,6,64.0,60.2
661,3.9,0.37,3,6.8,8,8,45.6,43.2
662,2.9,0.7,4,7.7,7,9,64.7,57.6
663,5.5,0.29,5,4.7,3,6,79.9,61.3
664,4.1,0.65,3,7.7,0,6,83.0,71.7
665,4.9,0.51,5,6.2,7,7,67.9,58.2
666,4.8,0.8,3,6.7,2,1,91.6,81.2
667,5.2,0.83,3,6.3,5,2,88.7,78.2
668,4.5,0.39,1,6.8,5,8,54.1,44.9
669,3.3,0.86,3,8.1,5,2,80.4,76.1
670,1.2,0.72,2,7.1,5,7,49.1,45.8
671,7.4,0.73,5,7.1,6,1,99.0,87.3
672,5.6,0.77,1,6.2,3,4,75.6,69.8
673,4.0,0.56,1,8.0,4,2,73.8,66.3
674,4.4,0.61,2,5.7,3,5,71.1,65.0
675,4.0,0.3,5,7.8,7,1,77.4,62.1
676,5.4,0.72,1,6.7,5,7,68.2,65.2
677,2.0,0.74,5,5.8,3,4,76.4,67.4
678,2.2,0.62,4,6.6,4,8,62.7,57.5
679,2.7,0.58,2,5.5,8,5,54.3,51.7
680,3.5,0.74,3,7.5,0,8,73.9,66.6
681,5.4,0.84,3,7.8,5,3,85.0,73.8
682,4.1,0.75,1,6.3,8,5,54.1,52.4
683,2.5,0.63,4,7.8,2,10,67.4,53.4
684,5.8,0.65,3,6.2,4,2,86.0,69.3
685,4.6,0.67,3,6.5,0,3,84.5,71.6
686,5.5,0.67,5,7.1,2,8,87.4,73.9
687,4.4,0.66,1,7.6,5,8,55.3,49.5
688,3.9,0.65,2,7.6,10,5,52.4,47.3
689,3.1,0.55,3,9.5,8,10,56.4,53.0
690,4.1,0.34,3,9.2,7,1,81.5,63.9
691,4.9,0.45,1,6.9,5,7,63.7,50.8
692,2.6,0.53,4,5.4,3,8,61.1,55.8
693,4.9,0.54,3,6.1,9,3,67.8,61.9
694,4.3,0.35,4,5.4,0,3,83.4,67.2
695,2.9,0.8,5,7.6,8,8,66.2,59.2
696,4.1,0.57,3,7.2,8,1,67.9,56.7
697,4.3,0.54,5,8.3,4,1,93.6,72.8
698,3.3,0.33,4,7.4,4,9,70.0,54.9
699,4.5,0.3,5,5.8,7,2,76.3,58.2
700,2.6,0.66,5,8.0,5,1,80.9,70.4
701,2.0,0.54,3,7.3,4,10,51.9,47.1
702,1.9,0.64,1,6.0,2,10,53.2,52.5
703,4.9,0.45,1,5.6,5,5,59.3,50.5
704,6.1,0.44,3,7.5,5,3,88.4,68.5
705,3.5,0.37,2,6.1,0,1,73.4,58.2
706,4.7,0.35,2,8.0,0,7,72.4,55.9
707,2.3,0.4,3,7.6,7,2,62.7,54.5
708,4.7,0.58,4,7.0,0,9,79.2,70.8
709,3.4,0.62,4,7.5,11,8,57.3,50.9
710,5.0,0.62,1,8.1,7,6,68.4,59.6
711,6.6,0.48,3,5.9,5,10,64.7,51.6
712,5.7,0.77,5,7.2,1,3,99.0,85.0
713,4.7,0.54,5,7.0,7,4,82.5,68.3
714,3.1,0.27,5,9.2,8,4,76.0,57.5
715,4.0,0.85,2,6.5,1,10,70.7,67.0
716,3.4,0.33,2,7.0,8,2,52.6,39.1
717,4.0,0.88,3,8.1,4,5,88.0,79.6
718,2.8,0.48,1,6.9,10,3,43.6,41.2
719,5.9,0.37,4,6.3,7,7,72.4,58.8
720,6.2,0.89,3,7.3,5,10,77.8,68.0
721,5.8,0.71,1,7.2,9,5,64.5,60.6
722,5.2,0.52,1,4.4,4,8,49.5,45.4
723,3.8,0.3,2,5.0,12,8,33.1,31.4
724,5.4,0.94,3,6.5,2,2,90.7,86.0
725,2.8,0.78,3,8.8,3,1,84.1,78.1
726,3.8,0.46,4,8.2,2,6,70.7,59.1
727,3.4,0.27,1,7.3,4,8,42.9,32.0
728,5.8,0.7,4,5.0,3,8,78.0,68.5
729,3.5,0.75,4,7.8,9,9,66.9,58.2
730,4.7,0.86,2,7.0,2,2,88.8,79.7
731,3.3,0.89,1,6.0,5,1,74.4,70.3
732,4.6,0.47,1,6.4,5,10,55.2,49.8
733,5.6,0.68,1,8.0,6,7,65.2,56.2
734,7.6,0.65,2,5.8,11,4,73.6,61.2
735,3.8,0.35,4,7.5,6,3,75.3,54.4
736,5.4,0.28,1,7.4,0,7,67.8,52.6
737,4.0,0.38,1,7.0,3,5,55.6,42.6
738,5.5,0.79,2,7.4,9,9,61.1,59.1
739,5.2,0.67,4,8.5,4,5,88.3,75.1
740,4.3,0.41,1,9.5,4,10,54.3,49.4
741,3.2,0.79,2,6.8,4,3,73.5,64.6
742,0.8,0.58,2,8.3,10,1,50.6,45.4
743,3.0,0.81,4,7.4,9,9,61.5,61.2
744,6.4,0.59,1,7.7,5,8,67.0,57.5
745,4.9,0.48,1,8.6,4,7,67.6,58.6
746,3.2,0.4,4,6.7,4,7,67.9,60.1
747,2.9,0.35,2,7.3,0,4,59.7,48.5
748,4.5,0.65,3,8.4,9,8,59.9,57.0
749,4.4,0.36,5,7.9,8,9,62.7,51.7
750,3.7,0.85,4,7.5,3,8,79.2,70.7
751,3.9,0.42,3,5.2,3,10,54.3,51.6
752,3.2,0.88,4,7.3,4,8,72.9,65.7
753,2.9,0.82,1,7.5,2,9,59.9,58.4
754,2.0,0.53,2,7.6,6,2,65.6,56.9
755,5.0,0.65,5,8.0,8,3,88.3,76.6
756,3.2,0.8,3,5.8,1,1,83.3,73.6
757,5.2,0.27,4,6.4,5,10,56.0,40.3
758,3.5,0.8,1,6.3,3,1,65.3,61.2
759,3.9,0.52,4,7.3,2,3,80.9,64.7
760,2.4,0.64,2,7.6,7,9,51.4,50.6
761,5.9,0.92,2,6.5,5,6,73.2,68.5
762,5.1,0.73,3,8.0,5,8,71.6,65.0
763,5.8,0.72,5,8.2,7,6,87.3,77.4
764,1.0,0.82,1,7.9,10,2,57.4,59.2
765,3.4,0.33,3,9.5,6,3,73.0,59.8
766,3.0,0.69,3,5.6,7,3,59.7,56.0
767,4.2,0.38,1,6.8,6,9,44.9,37.4
768,3.1,0.49,3,5.4,5,9,51.9,43.9
769,4.0,0.8,2,7.6,5,6,67.7,67.6
770,3.8,0.28,3,6.4,12,10,42.2,33.3
771,3.4,0.84,2,9.5,5,6,75.4,67.2
772,3.5,0.51,2,6.7,4,6,62.0,53.4
773,0.8,0.62,1,8.0,7,8,36.8,38.9
774,0.8,0.9,2,8.8,5,9,50.5,56.8
775,3.1,0.91,5,7.1,2,8,75.5,70.4
776,4.8,0.59,1,7.9,7,5,69.4,60.9
777,4.4,0.48,5,8.0,2,4,85.9,70.6
778,1.9,0.39,1,5.8,4,2,53.6,44.9
779,2.3,0.61,1,7.1,7,3,51.9,48.0
780,2.8,0.52,1,6.8,7,8,43.9,40.4
781,4.0,0.94,4,5.8,3,7,84.1,77.3
782,2.8,0.83,5,7.6,6,8,76.3,69.8
783,2.5,0.66,4,9.2,7,5,73.8,62.1
784,5.1,0.75,2,7.7,10,5,67.2,61.8
785,5.4,0.46,5,5.1,4,1,85.2,70.0
786,5.2,0.7,4,8.2,8,5,78.2,70.2
787,3.8,0.33,3,6.2,0,10,59.8,48.4
788,2.4,0.65,3,6.1,2,2,68.0,63.5
789,5.3,0.66,2,7.1,2,3,90.4,76.0
790,4.6,0.5,3,7.9,5,2,74.6,61.8
791,4.5,0.78,5,7.4,3,5,93.6,80.6
792,6.3,0.5,5,5.2,2,1,99.0,80.8
793,4.5,0.89,2,5.9,6,4,72.9,71.0
794,2.0,0.64,5,8.0,1,2,79.8,71.4
795,4.8,0.26,3,7.4,3,8,68.7,55.9
796,3.0,0.78,3,7.4,7,2,74.3,72.5
797,4.8,0.34,2,7.6,8,2,66.7,57.3
798,5.3,0.78,1,7.1,5,9,60.8,56.6
799,4.5,0.46,1,6.8,5,10,43.7,41.3
800,7.1,0.38,3,7.6,5,5,86.7,67.6
801,5.1,0.76,2,8.1,3,10,71.7,65.6
802,2.5,0.75,3,7.9,9,1,71.6,64.9
803,4.6,0.75,3,8.3,4,2,87.0,76.9
804,5.4,0.52,2,5.9,4,6,68.8,59.4
805,5.8,0.74,5,8.4,4,8,90.4,79.6
806,5.0,0.67,3,6.2,0,4,82.9,70.7
807,4.8,0.3,4,6.4,7,1,74.1,60.8
808,4.2,0.32,4,5.4,4,2,75.0,60.9
809,3.7,0.9,2,6.7,12,6,59.0,60.8
810,6.8,0.53,2,7.9,0,5,91.4,70.3
811,2.2,0.81,4,6.0,2,7,72.2,69.7
812,4.1,0.35,4,7.7,6,8,65.1,58.5
813,6.5,0.83,4,7.3,1,7,88.5,76.8
814,3.4,0.46,5,7.4,5,9,66.8,51.6
815,4.8,0.59,3,8.5,0,9,78.1,60.6
816,3.2,0.27,4,7.4,3,8,60.7,50.1
817,3.8,0.64,3,7.1,6,7,63.2,59.7
818,5.9,0.59,1,5.8,3,9,60.6,51.2
819,1.5,0.6,4,7.3,4,7,65.1,55.8
820,3.3,0.93,3,8.4,6,3,82.6,74.4
821,4.2,0.87,3,6.7,2,6,82.2,74.2
822,4.5,0.42,2,6.1,1,2,76.3,60.9
823,5.0,0.28,4,8.2,0,5,82.8,66.4
824,4.4,0.27,3,6.2,7,10,51.9,43.4
825,3.9,0.6,3,6.3,6,7,64.2,58.0
826,6.1,0.93,1,7.7,1,5,88.7,82.8
827,1.9,0.69,1,6.1,4,10,36.4,38.8
828,4.6,0.81,4,6.1,6,2,82.5,72.2
829,4.7,0.63,2,5.9,3,9,63.2,52.8
830,4.9,0.38,1,6.1,2,3,65.8,52.9
831,6.4,0.58,5,6.6,7,7,76.0,68.5
832,3.3,0.29,2,6.6,6,3,56.4,41.0
833,5.0,0.85,1,6.1,1,5,71.4,68.6
834,2.4,0.43,5,7.1,7,3,69.2,58.8
835,4.9,0.64,4,5.9,0,4,91.6,77.7
836,4.8,0.43,3,6.6,3,1,85.5,67.8
837,7.0,0.31,5,7.3,4,7,88.4,71.1
838,2.9,0.87,4,8.7,3,3,88.8,82.8
839,3.5,0.71,5,7.0,11,5,65.9,59.2
840,4.2,0.67,3,6.3,8,7,63.1,53.7
841,5.1,0.32,2,6.7,8,5,58.4,47.8
842,3.8,0.62,1,6.5,7,4,64.7,56.5
843,5.4,0.75,3,6.6,12,10,57.8,59.5
844,4.7,0.81,1,6.3,0,4,78.5,73.6
845,2.8,0.88,1,5.7,2,8,55.7,52.4
846,6.2,0.53,3,6.2,11,4,67.0,62.2
847,5.0,0.47,4,8.0,5,2,84.0,70.8
848,1.2,0.58,4,7.9,3,7,66.8,55.1
849,5.2,0.6,3,5.5,0,9,75.1,64.4
850,2.7,0.27,1,6.6,3,8,43.9,34.8
851,2.6,0.47,1,7.9,6,3,58.2,52.3
852,2.5,0.8,3,4.9,6,3,62.3,63.4
853,5.4,0.39,4,5.3,2,7,75.9,65.8
854,3.2,0.41,1,8.4,2,4,72.9,55.5
855,4.9,0.37,4,8.6,2,3,86.0,69.6
856,4.9,0.91,1,8.3,5,8,72.7,66.5
857,4.4,0.91,3,7.7,4,3,91.5,80.7
858,4.6,0.4,3,6.9,3,3,74.9,61.2
859,3.9,0.68,2,7.8,1,8,74.5,68.2
860,5.0,0.86,4,6.3,0,7,88.1,77.0
861,4.6,0.48,2,7.2,2,10,62.5,59.4
862,2.8,0.67,1,8.3,5,7,55.5,54.6
863,1.7,0.64,5,9.1,5,8,70.7,66.9
864,3.0,0.34,3,6.7,1,5,66.5,53.9
865,6.2,0.83,3,8.6,7,5,87.1,74.4
866,2.7,0.43,3,6.4,5,8,51.9,43.5
867,5.4,0.81,1,5.7,5,3,74.4,70.2
868,4.4,0.74,4,8.7,9,8,75.2,68.0
869,3.8,0.6,2,5.8,5,5,62.1,56.1
870,5.0,0.61,3,5.5,3,4,68.6,56.9
871,2.4,0.54,1,6.8,5,2,61.5,54.3
872,4.0,0.73,1,5.8,7,2,64.2,58.3
873,6.5,0.71,4,8.0,3,1,99.0,83.1
874,4.6,0.69,4,6.2,9,10,64.5,62.6
875,4.6,0.81,1,6.1,1,2,78.4,69.8
876,4.7,0.93,4,8.8,8,3,87.6,81.6
877,2.1,0.36,3,4.8,1,5,55.6,48.9
878,3.1,0.5,1,7.7,1,8,54.4,48.9
879,4.0,0.31,4,8.5,6,7,62.8,49.4
880,3.7,0.61,4,6.3,1,3,86.6,71.5
881,3.8,0.58,1,6.6,7,3,57.0,55.3
882,4.0,0.46,2,6.1,4,1,62.7,51.3
883,2.5,0.54,4,6.9,2,5,67.0,55.7
884,5.7,0.79,1,8.2,7,3,80.4,67.4
885,5.6,0.74,3,7.3,2,8,79.9,69.3
886,3.4,0.93,2,7.1,6,10,57.8,62.8
887,4.0,0.53,1,7.1,6,7,57.7,55.4
888,1.5,0.67,4,6.3,10,10,38.3,43.1
889,3.7,0.46,2,6.0,6,1,66.4,55.1
890,3.3,0.27,4,6.1,1,7,67.9,48.8
891,3.6,0.79,2,6.9,4,3,73.8,70.8
892,2.9,0.56,4,4.9,6,10,49.4,47.9
893,4.9,0.48,1,6.0,1,7,59.2,53.4
894,2.3,0.67,5,7.3,4,7,66.0,59.9
895,2.6,0.82,4,5.9,5,1,78.6,69.5
896,4.8,0.29,4,7.4,4,10,67.8,52.4
897,4.1,0.45,2,6.8,1,9,62.0,53.4
898,7.2,0.49,5,8.1,1,8,99.0,80.6
899,3.3,0.83,3,4.3,6,3,59.6,56.9
900,3.4,0.77,4,7.5,6,10,58.6,56.6
901,5.7,0.41,5,6.6,5,5,83.0,65.4
902,4.8,0.83,5,7.4,5,7,87.6,79.1
903,2.7,0.95,3,6.5,5,9,55.4,57.6
904,5.0,0.73,5,6.6,4,1,99.0,82.7
905,1.6,0.33,1,7.6,5,2,46.5,39.5
906,3.8,0.32,1,8.7,0,3,72.1,53.0
907,4.3,0.86,2,5.7,3,3,74.3,70.4
908,4.9,0.93,1,7.1,10,6,62.1,63.6
909,4.0,0.54,2,8.7,7,7,67.0,58.0
910,3.5,0.55,4,9.2,0,9,79.8,64.6
911,5.0,0.26,5,7.1,6,6,73.0,52.8
912,5.6,0.55,4,7.1,0,3,96.6,78.1
913,2.7,0.71,5,5.7,8,9,56.5,56.6
914,2.6,0.47,3,7.9,5,9,53.2,45.7
915,2.5,0.87,5,7.9,6,6,71.6,70.8
916,2.6,0.53,2,7.3,4,9,48.6,48.1
917,4.2,0.94,3,6.4,5,5,81.1,71.4
918,3.9,0.36,1,8.1,2,5,64.8,56.9
919,3.6,0.33,1,4.0,6,9,31.3,28.0
920,4.5,0.71,1,5.6,6,1,59.0,57.6
921,5.6,0.65,5,4.0,6,5,75.3,64.8
922,6.6,0.75,2,6.7,1,4,94.4,82.9
923,5.1,0.57,2,8.8,3,2,80.2,69.7
924,5.0,0.34,2,6.0,5,9,50.1,43.7
925,4.7,0.66,4,4.8,9,8,59.2,54.3
926,2.8,0.36,5,8.2,8,3,74.6,58.8
927,2.1,0.57,1,6.7,4,6,41.2,41.3
928,3.9,0.85,1,8.0,7,1,72.6,67.6
929,3.7,0.46,1,8.0,5,10,47.6,37.3
930,5.8,0.46,3,7.4,10,8,67.1,56.2
931,4.6,0.59,3,7.1,0,7,75.4,60.6
932,4.5,0.67,2,5.8,4,8,60.7,54.7
933,4.1,0.69,5,6.5,3,7,81.1,70.2
934,4.6,0.72,4,6.9,0,3,92.3,75.9
935,4.8,0.64,1,5.3,4,10,51.1,44.5
936,3.6,0.92,5,7.5,8,1,94.9,88.9
937,4.3,0.8,2,7.2,7,10,52.5,48.5
938,5.1,0.67,4,5.9,3,1,89.5,77.4
939,5.9,0.52,1,7.2,6,3,73.6,61.6
940,5.1,0.79,2,6.6,7,3,83.4,76.5
941,5.1,0.46,1,8.6,3,6,73.9,60.6
942,7.5,0.88,1,7.5,9,10,70.0,69.6
943,0.8,0.44,3,6.9,2,8,49.8,47.1
944,4.6,0.89,1,6.7,12,2,63.7,65.6
945,4.5,0.53,1,6.1,7,3,56.8,45.3
946,7.1,0.8,5,9.5,2,9,99.0,85.3
947,1.6,0.45,2,7.5,11,8,34.6,32.9
948,5.3,0.73,3,7.4,3,9,76.1,69.3
949,3.7,0.31,1,6.9,7,5,44.6,38.7
950,3.5,0.6,3,9.0,0,5,88.6,73.5
951,3.9,0.48,2,8.6,1,1,84.6,70.0
952,3.8,0.9,5,4.7,5,3,75.4,73.5
953,3.5,0.63,1,5.2,0,8,54.6,49.7
954,3.0,0.82,5,6.6,6,1,86.7,78.8
955,4.3,0.77,3,7.1,3,4,76.7,72.0
956,5.2,0.46,2,7.1,8,6,65.8,55.9
957,3.7,0.25,4,5.6,6,9,52.8,38.8
958,4.3,0.71,5,6.3,1,3,94.2,80.7
959,5.2,0.65,2,7.3,8,5,65.0,59.8
960,6.2,0.94,5,5.7,2,8,97.0,86.7
961,3.3,0.85,3,5.6,0,5,81.5,76.2
962,5.4,0.6,5,7.1,0,4,99.0,82.9
963,3.0,0.52,3,6.8,8,1,68.0,59.8
964,4.1,0.73,1,7.6,4,6,64.6,63.1
965,5.5,0.82,5,7.7,7,5,82.9,74.5
966,5.8,0.92,1,7.6,1,4,94.7,83.2
967,2.5,0.69,5,5.7,10,1,75.5,62.9
968,6.2,0.74,2,8.8,7,1,89.4,80.7
969,6.1,0.64,3,7.7,6,10,69.3,61.3
970,3.2,0.67,5,8.1,5,7,79.6,66.7
971,2.4,0.8,4,9.2,1,2,91.0,82.4
972,5.3,0.3,2,7.5,4,9,60.9,51.2
973,4.0,0.42,1,5.8,7,7,46.9,37.6
974,4.0,0.5,5,8.4,1,3,88.4,72.5
975,3.3,0.61,2,9.5,8,9,58.1,54.5
976,3.1,0.39,2,6.5,3,2,62.1,54.4
977,2.9,0.67,3,4.1,7,6,47.6,44.8
978,3.2,0.36,4,8.7,0,8,73.7,59.0
979,4.4,0.69,2,7.8,0,6,80.1,70.7
980,2.9,0.53,1,6.7,5,1,59.8,52.0
981,2.4,0.89,3,7.6,5,4,72.7,68.3
982,5.2,0.43,2,6.3,8,3,65.7,56.1
983,4.2,0.83,2,7.5,1,2,91.3,79.6
984,5.0,0.57,3,7.6,0,9,89.5,72.8
985,6.3,0.3,2,5.5,6,4,65.5,52.7
986,5.5,0.51,5,5.6,6,1,87.7,68.3
987,4.9,0.35,2,6.3,10,3,60.1,53.0
988,1.2,0.87,2,6.7,0,10,58.7,59.7
989,4.2,0.61,4,5.4,3,6,72.3,60.0
990,3.9,0.92,4,6.9,8,10,63.8,61.7
991,5.4,0.41,2,6.3,2,10,68.5,58.8
992,6.4,0.43,1,7.3,5,8,62.3,52.0
993,5.8,0.49,4,7.3,1,8,84.4,67.9
994,5.5,0.38,2,7.0,6,2,72.2,61.0
995,3.7,0.44,2,6.9,5,1,69.7,55.4
996,3.8,0.72,3,6.3,10,5,62.5,61.3
997,6.0,0.75,5,8.6,5,5,98.0,83.1
998,5.5,0.95,4,7.8,0,1,99.0,88.8
999,4.3,0.53,2,6.4,4,4,65.5,52.1
1000,4.0,0.78,4,6.7,6,4,70.7,67.7
1001,2.9,0.85,1,7.6,2,3,76.0,68.8
1002,6.4,0.6,3,6.4,7,7,73.6,59.7
1003,3.6,0.65,1,8.4,6,6,60.0,50.9
1004,3.2,0.89,5,9.1,0,4,99.0,86.8
1005,3.0,0.48,4,7.8,3,3,75.1,64.7
1006,5.3,0.27,5,6.3,5,2,85.9,64.2
1007,4.5,0.62,4,7.9,8,3,81.1,66.6
1008,6.9,0.52,1,7.8,7,2,74.2,65.8
1009,5.0,0.47,4,9.1,7,5,84.2,65.8
1010,3.3,0.73,3,8.0,13,8,55.4,54.4
1011,4.8,0.89,4,5.7,1,2,95.9,83.7
1012,7.0,0.57,3,5.4,8,3,77.1,66.2
1013,3.1,0.52,2,6.2,4,1,65.6,56.6
1014,7.0,0.44,5,6.4,11,4,83.9,66.1
1015,4.3,0.51,1,6.4,0,7,63.7,53.0
1016,4.5,0.6,4,8.5,5,8,71.7,65.0
1017,5.1,0.26,1,6.1,4,8,50.4,39.5
1018,4.3,0.63,2,6.7,1,8,70.9,57.9
1019,4.3,0.32,3,7.2,8,3,69.3,58.7
1020,5.3,0.72,2,6.4,5,1,85.2,72.1
1021,3.8,0.69,5,7.1,1,2,89.9,75.1
1022,5.0,0.29,1,8.0,5,4,68.1,52.4
1023,4.2,0.55,1,7.5,3,2,74.8,64.3
1024,7.0,0.81,2,6.9,4,9,81.6,74.7
1025,3.4,0.39,5,6.7,2,4,80.5,64.7
1026,5.5,0.37,4,6.9,4,4,80.0,63.6
1027,5.0,0.51,1,5.5,7,10,43.3,32.9
1028,4.2,0.75,5,8.3,11,10,64.4,63.2
1029,1.8,0.79,2,8.6,2,6,71.4,69.4
1030,3.9,0.3,1,5.9,2,7,46.2,38.1
1031,2.0,0.26,1,7.0,0,5,47.5,38.7
1032,5.7,0.42,1,8.0,6,5,68.7,58.8
1033,3.6,0.76,4,6.4,4,5,73.1,64.6
1034,6.4,0.28,4,6.5,3,1,91.5,73.7
1035,3.7,0.29,2,7.6,6,4,54.6,42.1
1036,3.3,0.48,4,6.7,4,8,65.2,55.9
1037,3.7,0.39,1,6.5,6,4,57.8,48.3
1038,4.8,0.76,3,7.4,6,7,74.5,69.0
1039,3.9,0.69,3,8.2,7,6,66.9,59.4
1040,4.7,0.56,5,6.1,2,3,91.5,71.2
1041,5.6,0.85,3,7.1,3,3,91.2,80.7
1042,5.8,0.57,4,5.8,3,6,83.8,72.2
1043,4.7,0.26,5,7.6,4,7,71.7,60.7
1044,2.7,0.93,3,6.3,6,10,62.9,64.9
1045,4.9,0.9,2,7.0,6,5,78.9,73.8
1046,1.9,0.49,4,6.3,2,1,68.5,53.1
1047,4.1,0.27,3,6.2,1,3,68.6,53.2
1048,5.7,0.73,3,7.0,8,3,86.9,75.8
1049,2.3,0.53,5,5.1,6,4,63.0,55.8
1050,3.6,0.55,3,5.6,4,7,55.5,47.8
1051,4.2,0.86,1,4.5,1,6,60.7,60.5
1052,3.2,0.4,4,7.0,4,3,72.4,58.6
1053,6.2,0.62,3,7.7,4,6,82.1,70.4
1054,4.9,0.59,5,8.1,3,4,93.6,78.1
1055,5.2,0.43,4,8.7,0,2,99.0,78.9
1056,3.6,0.46,4,7.3,5,1,75.7,60.7
1057,3.9,0.29,1,6.6,2,1,61.3,51.2
1058,5.2,0.26,5,4.2,4,5,74.6,56.2
1059,3.4,0.51,3,8.0,10,6,57.4,49.1
1060,3.0,0.29,3,8.4,1,1,73.2,58.1
1061,3.7,0.35,5,4.7,7,4,66.5,51.2
1062,5.6,0.71,4,5.4,4,1,99.0,83.0
1063,4.3,0.5,1,6.8,9,8,45.5,42.1
1064,5.8,0.77,1,5.5,10,8,61.3,57.9
1065,6.1,0.46,2,6.0,3,10,56.8,49.8
1066,2.0,0.27,4,7.3,2,9,59.1,46.5
1067,7.0,0.59,5,5.3,5,2,98.0,86.6
1068,6.9,0.27,3,8.5,2,4,89.5,64.4
1069,6.2,0.72,5,6.5,2,6,92.1,82.9
1070,1.9,0.79,5,7.9,6,7,66.1,58.5
1071,5.7,0.41,3,6.8,5,2,81.7,63.6
1072,5.8,0.38,1,6.5,4,6,68.4,54.5
1073,4.7,0.62,4,7.0,7,6,72.9,65.1
1074,1.1,0.34,5,6.6,4,1,63.7,50.7
1075,6.3,0.84,4,9.1,4,5,98.9,88.3
1076,5.8,0.81,1,6.2,3,2,81.7,78.2
1077,2.4,0.4,3,6.3,4,6,51.9,46.6
1078,6.0,0.84,2,6.9,4,3,90.8,77.2
1079,3.4,0.89,2,8.9,8,6,67.5,62.5
1080,4.9,0.49,4,6.0,7,5,68.8,63.5
1081,3.7,0.32,3,5.7,5,1,62.3,52.3
1082,2.4,0.57,2,5.9,3,8,50.2,47.9
1083,4.7,0.76,1,8.8,1,2,93.1,77.1
1084,0.8,0.35,4,6.7,3,1,71.6,61.0
1085,4.4,0.94,3,7.3,0,7,80.6,75.3
1086,4.9,0.53,3,6.0,0,7,76.9,56.8
1087,3.9,0.57,4,6.6,4,6,77.2,66.7
1088,4.3,0.34,5,7.2,8,10,54.6,45.5
1089,5.8,0.52,4,7.8,4,6,86.5,76.0
1090,5.4,0.81,2,5.6,7,7,61.4,58.1
1091,4.8,0.61,5,5.8,0,2,93.7,77.8
1092,3.2,0.71,1,7.6,8,3,64.2,59.2
1093,4.0,0.65,2,7.3,6,1,76.0,67.3
1094,4.6,0.46,5,8.4,12,1,79.7,65.8
1095,7.1,0.46,5,6.2,1,6,96.5,69.5
1096,3.6,0.5,5,5.3,4,1,80.1,67.7
1097,3.4,0.92,5,9.0,1,5,95.4,87.6
1098,5.6,0.3,3,6.9,9,3,67.6,53.9
1099,4.2,0.74,5,8.2,6,5,90.3,81.9
1100,4.1,0.38,3,5.5,3,9,53.6,43.5
1101,6.7,0.55,1,9.5,7,5,78.1,66.5
1102,4.7,0.63,1,6.8,6,6,61.5,54.3
1103,4.5,0.32,2,6.2,3,2,70.8,57.8
1104,6.2,0.46,4,7.8,6,10,76.5,60.4
1105,1.9,0.37,4,5.5,7,9,47.9,36.0
1106,3.3,0.53,5,7.1,5,9,65.0,52.5
1107,5.3,0.44,3,8.1,4,10,65.9,52.5
1108,5.0,0.56,3,7.4,1,5,87.3,71.4
1109,3.6,0.41,1,4.6,7,6,40.6,38.6
1110,2.6,0.3,2,7.6,4,1,66.6,53.7
1111,6.5,0.26,4,6.1,1,3,81.7,59.4
1112,4.4,0.95,5,6.6,2,10,85.2,83.0
1113,5.7,0.62,3,7.1,5,9,77.3,66.2
1114,3.8,0.56,2,6.0,0,9,63.2,54.6
1115,3.7,0.5,1,7.4,2,6,63.8,56.9
1116,4.0,0.73,5,8.3,0,5,94.5,82.7
1117,4.7,0.65,2,8.8,11,9,53.5,50.8
1118,3.9,0.57,5,7.2,4,1,86.7,70.6
1119,4.1,0.87,2,7.1,4,7,70.5,65.7
1120,4.2,0.61,2,4.9,8,1,66.3,61.6
1121,4.4,0.46,4,8.1,7,5,71.1,61.1
1122,5.1,0.84,2,8.2,8,1,79.3,76.2
1123,4.5,0.28,4,7.7,2,1,88.0,68.1
1124,5.0,0.59,3,7.9,7,8,70.1,57.1
1125,3.1,0.87,5,8.7,4,7,78.0,76.3
1126,6.8,0.8,2,7.7,7,4,91.8,81.8
1127,2.5,0.26,4,7.6,4,7,63.1,49.4
1128,5.0,0.61,2,6.9,6,5,71.8,62.4
1129,4.6,0.74,1,6.3,3,3,69.2,65.1
1130,6.7,0.69,2,7.1,6,1,88.5,77.4
1131,4.4,0.39,1,7.2,2,4,69.9,57.2
1132,5.7,0.29,4,6.4,2,5,74.9,62.8
1133,3.9,0.88,2,6.2,5,6,67.2,65.3
1134,5.7,0.89,1,6.2,5,8,65.8,65.5
1135,4.4,0.64,2,7.1,2,6,77.5,66.9
1136,2.3,0.67,2,6.6,3,7,58.1,54.7
1137,2.9,0.28,2,5.9,6,2,57.7,48.8
1138,5.0,0.49,4,7.7,4,3,88.1,71.9
1139,3.2,0.86,5,6.7,11,8,61.7,59.5
1140,3.7,0.56,4,4.8,8,9,52.2,46.3
1141,3.6,0.45,5,9.5,12,4,75.0,61.4
1142,2.8,0.73,5,7.7,4,9,67.1,64.5
1143,3.3,0.38,2,7.5,1,1,72.6,61.6
1144,2.5,0.57,5,6.9,10,5,60.5,50.7
1145,4.4,0.42,1,7.3,0,5,63.1,54.4
1146,3.7,0.8,2,7.8,4,2,82.6,73.8
1147,3.1,0.31,5,6.4,4,10,59.6,45.9
1148,8.1,0.69,1,7.3,3,5,93.4,85.2
1149,0.8,0.79,5,6.3,8,7,58.7,58.7
1150,3.8,0.69,5,5.1,3,4,78.9,70.5
1151,2.3,0.53,4,5.4,5,6,62.9,56.3
1152,5.5,0.6,4,7.9,10,4,71.1,59.2
1153,4.7,0.47,2,7.8,6,4,64.7,55.6
1154,4.4,0.42,4,8.1,7,1,78.6,61.9
1155,6.8,0.78,1,7.3,8,5,79.9,73.7
1156,5.7,0.26,1,7.5,4,6,64.9,49.8
1157,5.7,0.87,2,8.4,3,4,94.6,87.2
1158,4.9,0.69,1,7.3,5,9,59.4,58.2
1159,4.6,0.89,1,6.5,5,6,70.6,66.2
1160,3.4,0.87,4,6.3,0,2,80.1,73.9
1161,4.8,0.45,1,9.5,3,2,79.0,67.0
1162,3.0,0.37,5,6.6,6,7,64.9,55.8
1163,3.4,0.49,1,8.9,4,6,65.7,60.0
1164,3.2,0.75,1,7.5,0,3,75.7,66.6
1165,5.1,0.81,4,8.0,5,7,82.7,76.0
1166,3.9,0.31,2,7.5,7,6,50.9,41.9
1167,6.1,0.7,2,6.7,6,4,73.5,63.1
1168,5.4,0.63,4,5.0,3,7,80.6,71.0
1169,1.8,0.82,2,6.7,4,1,66.1,64.1
1170,6.8,0.5,4,9.4,3,1,99.0,78.0
1171,5.6,0.35,4,5.4,8,7,68.4,55.1
1172,6.8,0.29,2,8.3,8,3,76.0,59.4
1173,5.5,0.74,5,6.8,10,3,87.8,78.6
1174,4.5,0.31,1,9.1,5,7,61.4,50.5
1175,4.1,0.74,3,5.2,0,8,72.0,66.0
1176,2.1,0.45,2,8.5,6,10,45.2,37.7
1177,6.8,0.73,4,7.1,0,10,88.9,72.9
1178,4.2,0.55,2,6.9,6,7,61.3,53.7
1179,4.7,0.4,2,8.5,8,10,45.5,42.4
1180,2.0,0.58,3,6.4,2,7,62.1,58.9
1181,3.6,0.33,1,6.4,1,6,61.2,51.4
1182,4.4,0.63,1,7.0,5,5,65.0,59.7
1183,5.1,0.31,5,6.6,1,8,76.6,61.9
1184,4.5,0.91,1,8.8,4,7,71.1,68.0
1185,3.2,0.34,1,7.7,1,9,59.1,51.8
1186,5.7,0.36,5,7.4,1,1,99.0,77.9
1187,1.4,0.32,2,7.5,9,3,40.6,35.0
1188,3.4,0.92,5,8.5,4,9,84.4,76.5
1189,4.5,0.5,4,6.0,9,7,62.1,54.1
1190,8.5,0.67,2,4.0,1,2,95.4,78.9
1191,5.4,0.93,1,6.0,1,3,84.2,78.9
1192,3.9,0.45,3,6.7,5,8,59.1,53.2
1193,4.1,0.71,2,9.2,12,8,53.5,56.4
1194,4.9,0.53,5,7.5,4,6,79.0,65.6
1195,4.0,0.54,4,7.4,4,1,92.2,72.7
1196,2.8,0.77,2,6.6,1,3,75.3,66.5
1197,5.0,0.3,4,7.9,8,6,65.2,48.1
1198,4.6,0.88,4,7.5,6,2,97.2,82.8
1199,4.3,0.48,3,6.3,2,4,78.6,63.8
1200,2.7,0.44,1,4.4,2,3,50.4,42.4
